Window_s,Case,dvE_mps,dvN_mps,dvU_mps,dv3D_mps,dpE_m,dpN_m,dpU_m,dp3D_m
1,1 raw,-0.135861650324187,0.251774737551987,0.498080408394522,0.574397945439081,-0.0463138044243166,0.122492772522189,0.236205582898876,0.270078738876322
1,2 raw + temp comp,-0.136505801305825,0.261999894496735,0.538131306662556,0.613891750813444,-0.0470920939438552,0.127654181398433,0.256224759566713,0.290110983514138
1,3 raw + temp comp + calib,0.00608040714209978,0.00535557581227573,-0.0190119751776254,0.0206666093844485,0.0242148742672981,-0.000670708151150943,-0.0223474698867392,0.0329578427016058
10,1 raw,-1.53487261129499,2.54064676424169,5.00919147769847,5.82260415740262,-7.15130401951958,12.6519520191229,24.9389029315293,28.8645443148168
10,2 raw + temp comp,-1.29823574399294,2.61831564806464,5.41395657584889,6.1523912981099,-6.41381343563186,13.0853430845452,26.954689156651,30.6417766123151
10,3 raw + temp comp + calib,0.123417202844794,0.0516559133772604,-0.159321464193469,0.208046793528819,0.701892302443156,0.251972065777658,-0.90962476172831,1.17624824476405
30,1 raw,-5.64026050872064,7.92924546881577,14.9475865939354,17.8358015601814,-76.4771202657011,116.249485544523,224.187546131847,263.861229918531
30,2 raw + temp comp,-3.45789250335797,8.01542316762471,16.1921737576223,18.3953939919184,-54.5742695455074,118.615017877853,242.61121039932,275.5141970462
30,3 raw + temp comp + calib,0.783641500015781,0.307350211257521,-0.520375464907979,0.989620521909899,9.16375956190458,3.18883913697888,-7.88135851388297,12.5003598497916
60,1 raw,-13.9107426228782,16.8500180241,29.8067010783291,36.9576960443332,-362.84707676428,486.787700850511,895.615434168986,1082.01075444628
60,2 raw + temp comp,-6.07200426136864,16.6811221882531,32.3933538243827,36.9385766536985,-197.169675973868,488.54804272324,971.256199057361,1104.94057549703
60,3 raw + temp comp + calib,2.37727587708261,1.21517652561699,-1.07039651864443,2.8764289129571,56.9228370771794,25.5867408057266,-31.7581615255663,70.0247921057857
180,1 raw,-54.87564972839,52.7904476566262,89.2272300802062,117.301606488087,-4570.22511323266,4735.08073371956,8015.24635102142,10370.7338799155
180,2 raw + temp comp,-24.09578373397,51.6237885552543,97.6084880662954,113.017871512164,-1826.2677873024,4630.53585470699,8750.41068937918,10067.114957398
180,3 raw + temp comp + calib,1.76219998806868,5.37145740239033,-3.97229708605311,6.9092002115664,471.636493760487,460.231380939841,-324.620521899777,734.596752978777
