unix_ms,pps,sample_count,interrupt_count,interrupt_overruns,cc2_overcapture,dt_gap_count,i2c_errors,d_interrupt_overruns,d_cc2_overcapture,d_dt_gap_count,d_i2c_errors,backlog,time_state,holdover_age_ms
1790131556959,525,52408,52409,0,0,1,0,0,0,0,0,1,1,0
1790131557959,526,52508,52509,0,0,1,0,0,0,0,0,1,1,0
1790131558960,527,52608,52609,0,0,1,0,0,0,0,0,1,1,0
1790131559960,528,52708,52709,0,0,1,0,0,0,0,0,1,1,0
1790131560960,529,52808,52809,0,0,1,0,0,0,0,0,1,1,0
1790131561961,530,52908,52909,0,0,1,0,0,0,0,0,1,1,0
1790131562961,531,53008,53009,0,0,1,0,0,0,0,0,1,1,0
1790131563962,532,53108,53109,0,0,1,0,0,0,0,0,1,1,0
1790131564962,533,53208,53209,0,0,1,0,0,0,0,0,1,1,0
1790131565962,534,53308,53309,0,0,1,0,0,0,0,0,1,1,0
1790131566963,535,53408,53409,0,0,1,0,0,0,0,0,1,1,0
1790131567963,536,53508,53509,0,0,1,0,0,0,0,0,1,1,0
1790131568957,537,53607,53608,0,0,1,0,0,0,0,0,1,1,0
1790131569957,538,53707,53708,0,0,1,0,0,0,0,0,1,1,0
1790131570957,539,53807,53808,0,0,1,0,0,0,0,0,1,1,0
1790131571957,540,53907,53908,0,0,1,0,0,0,0,0,1,1,0
1790131572957,541,54007,54008,0,0,1,0,0,0,0,0,1,1,0
1790131573957,542,54107,54108,0,0,1,0,0,0,0,0,1,1,0
1790131574957,543,54207,54208,0,0,1,0,0,0,0,0,1,1,0
1790131575957,544,54307,54308,0,0,1,0,0,0,0,0,1,1,0
1790131576957,545,54407,54408,0,0,1,0,0,0,0,0,1,1,0
1790131577957,546,54507,54508,0,0,1,0,0,0,0,0,1,1,0
1790131578958,547,54607,54608,0,0,1,0,0,0,0,0,1,1,0
1790131579958,548,54707,54708,0,0,1,0,0,0,0,0,1,1,0
1790131580959,549,54807,54808,0,0,1,0,0,0,0,0,1,1,0
1790131581959,550,54907,54908,0,0,1,0,0,0,0,0,1,1,0
1790131582959,551,55007,55008,0,0,1,0,0,0,0,0,1,1,0
1790131583960,552,55107,55108,0,0,1,0,0,0,0,0,1,1,0
1790131584960,553,55207,55208,0,0,1,0,0,0,0,0,1,1,0
1790131585961,554,55307,55308,0,0,1,0,0,0,0,0,1,1,0
1790131586961,555,55407,55408,0,0,1,0,0,0,0,0,1,1,0
1790131587962,556,55507,55508,0,0,1,0,0,0,0,0,1,1,0
1790131588962,557,55607,55608,0,0,1,0,0,0,0,0,1,1,0
1790131589962,558,55707,55708,0,0,1,0,0,0,0,0,1,1,0
1790131590963,559,55807,55808,0,0,1,0,0,0,0,0,1,1,0
1790131591963,560,55907,55908,0,0,1,0,0,0,0,0,1,1,0
1790131592957,561,56006,56007,0,0,1,0,0,0,0,0,1,1,0
1790131593957,562,56106,56107,0,0,1,0,0,0,0,0,1,1,0
1790131594957,563,56206,56207,0,0,1,0,0,0,0,0,1,1,0
1790131595957,564,56306,56307,0,0,1,0,0,0,0,0,1,1,0
1790131596957,565,56406,56407,0,0,1,0,0,0,0,0,1,1,0
1790131597957,566,56506,56507,0,0,1,0,0,0,0,0,1,1,0
1790131598957,567,56606,56607,0,0,1,0,0,0,0,0,1,1,0
1790131599957,568,56706,56707,0,0,1,0,0,0,0,0,1,1,0
1790131600957,569,56806,56807,0,0,1,0,0,0,0,0,1,1,0
1790131601957,570,56906,56907,0,0,1,0,0,0,0,0,1,1,0
1790131602958,571,57006,57007,0,0,1,0,0,0,0,0,1,1,0
1790131603958,572,57106,57107,0,0,1,0,0,0,0,0,1,1,0
1790131604959,573,57206,57207,0,0,1,0,0,0,0,0,1,1,0
1790131605959,574,57306,57307,0,0,1,0,0,0,0,0,1,1,0
1790131606960,575,57406,57407,0,0,1,0,0,0,0,0,1,1,0
1790131607960,576,57506,57507,0,0,1,0,0,0,0,0,1,1,0
1790131608960,577,57606,57607,0,0,1,0,0,0,0,0,1,1,0
1790131609961,578,57706,57707,0,0,1,0,0,0,0,0,1,1,0
1790131610961,579,57806,57807,0,0,1,0,0,0,0,0,1,1,0
1790131611962,580,57906,57907,0,0,1,0,0,0,0,0,1,1,0
1790131612962,581,58006,58007,0,0,1,0,0,0,0,0,1,1,0
1790131613962,582,58106,58107,0,0,1,0,0,0,0,0,1,1,0
1790131614963,583,58206,58207,0,0,1,0,0,0,0,0,1,1,0
1790131615963,584,58306,58307,0,0,1,0,0,0,0,0,1,1,0
1790131616957,585,58405,58406,0,0,1,0,0,0,0,0,1,1,0
1790131617957,586,58505,58506,0,0,1,0,0,0,0,0,1,1,0
1790131618957,587,58605,58606,0,0,1,0,0,0,0,0,1,1,0
1790131619957,588,58705,58706,0,0,1,0,0,0,0,0,1,1,0
1790131620957,589,58805,58806,0,0,1,0,0,0,0,0,1,1,0
1790131621957,590,58905,58906,0,0,1,0,0,0,0,0,1,1,0
1790131622958,591,59005,59006,0,0,1,0,0,0,0,0,1,1,0
1790131623958,592,59105,59106,0,0,1,0,0,0,0,0,1,1,0
1790131624958,593,59205,59206,0,0,1,0,0,0,0,0,1,1,0
1790131625959,594,59305,59306,0,0,1,0,0,0,0,0,1,1,0
1790131626958,595,59405,59406,0,0,1,0,0,0,0,0,1,1,0
1790131627958,596,59505,59506,0,0,1,0,0,0,0,0,1,1,0
1790131628959,597,59605,59606,0,0,1,0,0,0,0,0,1,1,0
1790131629959,598,59705,59706,0,0,1,0,0,0,0,0,1,1,0
1790131630960,599,59805,59806,0,0,1,0,0,0,0,0,1,1,0
1790131631960,600,59905,59906,0,0,1,0,0,0,0,0,1,1,0
1790131632960,601,60005,60006,0,0,1,0,0,0,0,0,1,1,0
1790131633961,602,60105,60106,0,0,1,0,0,0,0,0,1,1,0
1790131634961,603,60205,60206,0,0,1,0,0,0,0,0,1,1,0
1790131635962,604,60305,60306,0,0,1,0,0,0,0,0,1,1,0
1790131636962,605,60405,60406,0,0,1,0,0,0,0,0,1,1,0
1790131637962,606,60505,60506,0,0,1,0,0,0,0,0,1,1,0
1790131638963,607,60605,60606,0,0,1,0,0,0,0,0,1,1,0
1790131639963,608,60705,60706,0,0,1,0,0,0,0,0,1,1,0
1790131640957,609,60804,60805,0,0,1,0,0,0,0,0,1,1,0
1790131641957,610,60904,60905,0,0,1,0,0,0,0,0,1,1,0
1790131642957,611,61004,61005,0,0,1,0,0,0,0,0,1,1,0
1790131643957,612,61104,61105,0,0,1,0,0,0,0,0,1,1,0
1790131644957,613,61204,61205,0,0,1,0,0,0,0,0,1,1,0
1790131645957,614,61304,61305,0,0,1,0,0,0,0,0,1,1,0
1790131646957,615,61404,61405,0,0,1,0,0,0,0,0,1,1,0
1790131647957,616,61504,61505,0,0,1,0,0,0,0,0,1,1,0
1790131648957,617,61604,61605,0,0,1,0,0,0,0,0,1,1,0
1790131649958,618,61704,61705,0,0,1,0,0,0,0,0,1,1,0
1790131650958,619,61804,61805,0,0,1,0,0,0,0,0,1,1,0
1790131651958,620,61904,61905,0,0,1,0,0,0,0,0,1,1,0
1790131652959,621,62004,62005,0,0,1,0,0,0,0,0,1,1,0
1790131653959,622,62104,62105,0,0,1,0,0,0,0,0,1,1,0
1790131654960,623,62204,62205,0,0,1,0,0,0,0,0,1,1,0
1790131655960,624,62304,62305,0,0,1,0,0,0,0,0,1,1,0
1790131656961,625,62404,62405,0,0,1,0,0,0,0,0,1,1,0
1790131657961,626,62504,62505,0,0,1,0,0,0,0,0,1,1,0
1790131658961,627,62604,62605,0,0,1,0,0,0,0,0,1,1,0
1790131659962,628,62704,62705,0,0,1,0,0,0,0,0,1,1,0
1790131660962,629,62804,62805,0,0,1,0,0,0,0,0,1,1,0
1790131661963,630,62904,62905,0,0,1,0,0,0,0,0,1,1,0
1790131662963,631,63004,63005,0,0,1,0,0,0,0,0,1,1,0
1790131663963,632,63104,63105,0,0,1,0,0,0,0,0,1,1,0
1790131664958,633,63203,63204,0,0,1,0,0,0,0,0,1,1,0
1790131665957,634,63303,63304,0,0,1,0,0,0,0,0,1,1,0
1790131666957,635,63403,63404,0,0,1,0,0,0,0,0,1,1,0
1790131667957,636,63503,63504,0,0,1,0,0,0,0,0,1,1,0
1790131668957,637,63603,63604,0,0,1,0,0,0,0,0,1,1,0
1790131669957,638,63703,63704,0,0,1,0,0,0,0,0,1,1,0
1790131670957,639,63803,63804,0,0,1,0,0,0,0,0,1,1,0
1790131671958,640,63903,63904,0,0,1,0,0,0,0,0,1,1,0
1790131672958,641,64003,64004,0,0,1,0,0,0,0,0,1,1,0
1790131673958,642,64103,64104,0,0,1,0,0,0,0,0,1,1,0
1790131674958,643,64203,64204,0,0,1,0,0,0,0,0,1,1,0
1790131675958,644,64303,64304,0,0,1,0,0,0,0,0,1,1,0
1790131676959,645,64403,64404,0,0,1,0,0,0,0,0,1,1,0
1790131677959,646,64503,64504,0,0,1,0,0,0,0,0,1,1,0
1790131678960,647,64603,64604,0,0,1,0,0,0,0,0,1,1,0
1790131679960,648,64703,64704,0,0,1,0,0,0,0,0,1,1,0
1790131680961,649,64803,64804,0,0,1,0,0,0,0,0,1,1,0
1790131681961,650,64903,64904,0,0,1,0,0,0,0,0,1,1,0
1790131682961,651,65003,65004,0,0,1,0,0,0,0,0,1,1,0
1790131683962,652,65103,65104,0,0,1,0,0,0,0,0,1,1,0
1790131684962,653,65203,65204,0,0,1,0,0,0,0,0,1,1,0
1790131685963,654,65303,65304,0,0,1,0,0,0,0,0,1,1,0
1790131686963,655,65403,65404,0,0,1,0,0,0,0,0,1,1,0
1790131687964,656,65503,65504,0,0,1,0,0,0,0,0,1,1,0
1790131688958,657,65602,65603,0,0,1,0,0,0,0,0,1,1,0
1790131689957,658,65702,65703,0,0,1,0,0,0,0,0,1,1,0
1790131690958,659,65802,65803,0,0,1,0,0,0,0,0,1,1,0
1790131691958,660,65902,65903,0,0,1,0,0,0,0,0,1,1,0
1790131692958,661,66002,66003,0,0,1,0,0,0,0,0,1,1,0
1790131693958,662,66102,66103,0,0,1,0,0,0,0,0,1,1,0
1790131694958,663,66202,66203,0,0,1,0,0,0,0,0,1,1,0
1790131695958,664,66302,66303,0,0,1,0,0,0,0,0,1,1,0
1790131696958,665,66402,66403,0,0,1,0,0,0,0,0,1,1,0
1790131697958,666,66502,66503,0,0,1,0,0,0,0,0,1,1,0
1790131698958,667,66602,66603,0,0,1,0,0,0,0,0,1,1,0
1790131699959,668,66702,66703,0,0,1,0,0,0,0,0,1,1,0
1790131700959,669,66802,66803,0,0,1,0,0,0,0,0,1,1,0
1790131701959,670,66902,66903,0,0,1,0,0,0,0,0,1,1,0
1790131702960,671,67002,67003,0,0,1,0,0,0,0,0,1,1,0
1790131703960,672,67102,67103,0,0,1,0,0,0,0,0,1,1,0
1790131704961,673,67202,67203,0,0,1,0,0,0,0,0,1,1,0
1790131705961,674,67302,67303,0,0,1,0,0,0,0,0,1,1,0
1790131706962,675,67402,67403,0,0,1,0,0,0,0,0,1,1,0
1790131707962,676,67502,67503,0,0,1,0,0,0,0,0,1,1,0
1790131708962,677,67602,67603,0,0,1,0,0,0,0,0,1,1,0
1790131709963,678,67702,67703,0,0,1,0,0,0,0,0,1,1,0
1790131710963,679,67802,67803,0,0,1,0,0,0,0,0,1,1,0
1790131711958,680,67901,67902,0,0,1,0,0,0,0,0,1,1,0
1790131712958,681,68001,68002,0,0,1,0,0,0,0,0,1,1,0
1790131713958,682,68101,68102,0,0,1,0,0,0,0,0,1,1,0
1790131714958,683,68201,68202,0,0,1,0,0,0,0,0,1,1,0
1790131715958,684,68301,68302,0,0,1,0,0,0,0,0,1,1,0
1790131716958,685,68401,68402,0,0,1,0,0,0,0,0,1,1,0
1790131717958,686,68501,68502,0,0,1,0,0,0,0,0,1,1,0
1790131718958,687,68601,68602,0,0,1,0,0,0,0,0,1,1,0
1790131719958,688,68701,68702,0,0,1,0,0,0,0,0,1,1,0
1790131720958,689,68801,68802,0,0,1,0,0,0,0,0,1,1,0
1790131721958,690,68901,68902,0,0,1,0,0,0,0,0,1,1,0
1790131722958,691,69001,69002,0,0,1,0,0,0,0,0,1,1,0
1790131723959,692,69101,69102,0,0,1,0,0,0,0,0,1,1,0
1790131724959,693,69201,69202,0,0,1,0,0,0,0,0,1,1,0
1790131725960,694,69301,69302,0,0,1,0,0,0,0,0,1,1,0
1790131726960,695,69401,69402,0,0,1,0,0,0,0,0,1,1,0
1790131727961,696,69501,69502,0,0,1,0,0,0,0,0,1,1,0
1790131728961,697,69601,69602,0,0,1,0,0,0,0,0,1,1,0
1790131729961,698,69701,69702,0,0,1,0,0,0,0,0,1,1,0
1790131730962,699,69801,69802,0,0,1,0,0,0,0,0,1,1,0
1790131731962,700,69901,69902,0,0,1,0,0,0,0,0,1,1,0
1790131732963,701,70001,70002,0,0,1,0,0,0,0,0,1,1,0
1790131733963,702,70101,70102,0,0,1,0,0,0,0,0,1,1,0
1790131734963,703,70201,70202,0,0,1,0,0,0,0,0,1,1,0
1790131735958,704,70300,70301,0,0,1,0,0,0,0,0,1,1,0
1790131736958,705,70400,70401,0,0,1,0,0,0,0,0,1,1,0
1790131737958,706,70500,70501,0,0,1,0,0,0,0,0,1,1,0
1790131738958,707,70600,70601,0,0,1,0,0,0,0,0,1,1,0
1790131739958,708,70700,70701,0,0,1,0,0,0,0,0,1,1,0
1790131740958,709,70800,70801,0,0,1,0,0,0,0,0,1,1,0
1790131741958,710,70900,70901,0,0,1,0,0,0,0,0,1,1,0
1790131742958,711,71000,71001,0,0,1,0,0,0,0,0,1,1,0
1790131743958,712,71100,71101,0,0,1,0,0,0,0,0,1,1,0
1790131744958,713,71200,71201,0,0,1,0,0,0,0,0,1,1,0
1790131745958,714,71300,71301,0,0,1,0,0,0,0,0,1,1,0
1790131746959,715,71400,71401,0,0,1,0,0,0,0,0,1,1,0
1790131747959,716,71500,71501,0,0,1,0,0,0,0,0,1,1,0
1790131748959,717,71600,71601,0,0,1,0,0,0,0,0,1,1,0
1790131749960,718,71700,71701,0,0,1,0,0,0,0,0,1,1,0
1790131750960,719,71800,71801,0,0,1,0,0,0,0,0,1,1,0
1790131751961,720,71900,71901,0,0,1,0,0,0,0,0,1,1,0
1790131752960,721,72000,72001,0,0,1,0,0,0,0,0,1,1,0
1790131753961,722,72100,72101,0,0,1,0,0,0,0,0,1,1,0
1790131754963,723,72200,72201,0,0,1,0,0,0,0,0,1,1,0
1790131755962,724,72300,72301,0,0,1,0,0,0,0,0,1,1,0
1790131756962,725,72400,72401,0,0,1,0,0,0,0,0,1,1,0
1790131757963,726,72500,72501,0,0,1,0,0,0,0,0,1,1,0
1790131758964,727,72600,72601,0,0,1,0,0,0,0,0,1,1,0
1790131759958,728,72699,72700,0,0,1,0,0,0,0,0,1,1,0
1790131760958,729,72799,72800,0,0,1,0,0,0,0,0,1,1,0
1790131761958,730,72899,72900,0,0,1,0,0,0,0,0,1,1,0
1790131762958,731,72999,73000,0,0,1,0,0,0,0,0,1,1,0
1790131763958,732,73099,73100,0,0,1,0,0,0,0,0,1,1,0
1790131764958,733,73199,73200,0,0,1,0,0,0,0,0,1,1,0
1790131765958,734,73299,73300,0,0,1,0,0,0,0,0,1,1,0
1790131766958,735,73399,73400,0,0,1,0,0,0,0,0,1,1,0
1790131767958,736,73499,73500,0,0,1,0,0,0,0,0,1,1,0
1790131768958,737,73599,73600,0,0,1,0,0,0,0,0,1,1,0
1790131769958,738,73699,73700,0,0,1,0,0,0,0,0,1,1,0
1790131770958,739,73799,73800,0,0,1,0,0,0,0,0,1,1,0
1790131771959,740,73899,73900,0,0,1,0,0,0,0,0,1,1,0
1790131772960,741,73999,74000,0,0,1,0,0,0,0,0,1,1,0
1790131773959,742,74099,74100,0,0,1,0,0,0,0,0,1,1,0
1790131774960,743,74199,74200,0,0,1,0,0,0,0,0,1,1,0
1790131775961,744,74299,74300,0,0,1,0,0,0,0,0,1,1,0
1790131776961,745,74399,74400,0,0,1,0,0,0,0,0,1,1,0
1790131777961,746,74499,74500,0,0,1,0,0,0,0,0,1,1,0
1790131778961,747,74599,74600,0,0,1,0,0,0,0,0,1,1,0
1790131779962,748,74699,74700,0,0,1,0,0,0,0,0,1,1,0
1790131780962,749,74799,74800,0,0,1,0,0,0,0,0,1,1,0
1790131781963,750,74899,74900,0,0,1,0,0,0,0,0,1,1,0
1790131782958,751,74998,74999,0,0,1,0,0,0,0,0,1,1,0
1790131783958,752,75098,75099,0,0,1,0,0,0,0,0,1,1,0
1790131784958,753,75198,75199,0,0,1,0,0,0,0,0,1,1,0
1790131785958,754,75298,75299,0,0,1,0,0,0,0,0,1,1,0
1790131786958,755,75398,75399,0,0,1,0,0,0,0,0,1,1,0
1790131787958,756,75498,75499,0,0,1,0,0,0,0,0,1,1,0
1790131788958,757,75598,75599,0,0,1,0,0,0,0,0,1,1,0
1790131789958,758,75698,75699,0,0,1,0,0,0,0,0,1,1,0
1790131790958,759,75798,75799,0,0,1,0,0,0,0,0,1,1,0
1790131791958,760,75898,75899,0,0,1,0,0,0,0,0,1,1,0
1790131792958,761,75998,75999,0,0,1,0,0,0,0,0,1,1,0
1790131793958,762,76098,76099,0,0,1,0,0,0,0,0,1,1,0
1790131794959,763,76198,76199,0,0,1,0,0,0,0,0,1,1,0
1790131795961,764,76298,76299,0,0,1,0,0,0,0,0,1,1,0
1790131796959,765,76398,76399,0,0,1,0,0,0,0,0,1,1,0
1790131797960,766,76498,76499,0,0,1,0,0,0,0,0,1,1,0
1790131798960,767,76598,76599,0,0,1,0,0,0,0,0,1,1,0
1790131799960,768,76698,76699,0,0,1,0,0,0,0,0,1,1,0
1790131800961,769,76798,76799,0,0,1,0,0,0,0,0,1,1,0
1790131801961,770,76898,76899,0,0,1,0,0,0,0,0,1,1,0
1790131802962,771,76998,76999,0,0,1,0,0,0,0,0,1,1,0
1790131803962,772,77098,77099,0,0,1,0,0,0,0,0,1,1,0
1790131804963,773,77198,77199,0,0,1,0,0,0,0,0,1,1,0
1790131805963,774,77298,77299,0,0,1,0,0,0,0,0,1,1,0
1790131806958,775,77397,77398,0,0,1,0,0,0,0,0,1,1,0
1790131807958,776,77497,77498,0,0,1,0,0,0,0,0,1,1,0
1790131808958,777,77597,77598,0,0,1,0,0,0,0,0,1,1,0
1790131809958,778,77697,77698,0,0,1,0,0,0,0,0,1,1,0
1790131810958,779,77797,77798,0,0,1,0,0,0,0,0,1,1,0
1790131811958,780,77897,77898,0,0,1,0,0,0,0,0,1,1,0
1790131812959,781,77997,77998,0,0,1,0,0,0,0,0,1,1,0
1790131813958,782,78097,78098,0,0,1,0,0,0,0,0,1,1,0
1790131814958,783,78197,78198,0,0,1,0,0,0,0,0,1,1,0
1790131815958,784,78297,78298,0,0,1,0,0,0,0,0,1,1,0
1790131816958,785,78397,78398,0,0,1,0,0,0,0,0,1,1,0
1790131817958,786,78497,78498,0,0,1,0,0,0,0,0,1,1,0
1790131818959,787,78597,78598,0,0,1,0,0,0,0,0,1,1,0
1790131819959,788,78697,78698,0,0,1,0,0,0,0,0,1,1,0
1790131820960,789,78797,78798,0,0,1,0,0,0,0,0,1,1,0
1790131821960,790,78897,78898,0,0,1,0,0,0,0,0,1,1,0
1790131822960,791,78997,78998,0,0,1,0,0,0,0,0,1,1,0
1790131823961,792,79097,79098,0,0,1,0,0,0,0,0,1,1,0
1790131824961,793,79197,79198,0,0,1,0,0,0,0,0,1,1,0
1790131825962,794,79297,79298,0,0,1,0,0,0,0,0,1,1,0
1790131826962,795,79397,79398,0,0,1,0,0,0,0,0,1,1,0
1790131827963,796,79497,79498,0,0,1,0,0,0,0,0,1,1,0
1790131828963,797,79597,79598,0,0,1,0,0,0,0,0,1,1,0
1790131829958,798,79696,79697,0,0,1,0,0,0,0,0,1,1,0
1790131830958,799,79796,79797,0,0,1,0,0,0,0,0,1,1,0
1790131831958,800,79896,79897,0,0,1,0,0,0,0,0,1,1,0
1790131832958,801,79996,79997,0,0,1,0,0,0,0,0,1,1,0
1790131833958,802,80096,80097,0,0,1,0,0,0,0,0,1,1,0
1790131834958,803,80196,80197,0,0,1,0,0,0,0,0,1,1,0
1790131835958,804,80296,80297,0,0,1,0,0,0,0,0,1,1,0
1790131836958,805,80396,80397,0,0,1,0,0,0,0,0,1,1,0
1790131837958,806,80496,80497,0,0,1,0,0,0,0,0,1,1,0
1790131838958,807,80596,80597,0,0,1,0,0,0,0,0,1,1,0
1790131839958,808,80696,80697,0,0,1,0,0,0,0,0,1,1,0
1790131840958,809,80796,80797,0,0,1,0,0,0,0,0,1,1,0
1790131841959,810,80896,80897,0,0,1,0,0,0,0,0,1,1,0
1790131842959,811,80996,80997,0,0,1,0,0,0,0,0,1,1,0
1790131843959,812,81096,81097,0,0,1,0,0,0,0,0,1,1,0
1790131844960,813,81196,81197,0,0,1,0,0,0,0,0,1,1,0
1790131845960,814,81296,81297,0,0,1,0,0,0,0,0,1,1,0
1790131846961,815,81396,81397,0,0,1,0,0,0,0,0,1,1,0
1790131847961,816,81496,81497,0,0,1,0,0,0,0,0,1,1,0
1790131848962,817,81596,81597,0,0,1,0,0,0,0,0,1,1,0
1790131849962,818,81696,81697,0,0,1,0,0,0,0,0,1,1,0
1790131850963,819,81796,81797,0,0,1,0,0,0,0,0,1,1,0
1790131851964,820,81896,81897,0,0,1,0,0,0,0,0,1,1,0
1790131852958,821,81995,81996,0,0,1,0,0,0,0,0,1,1,0
1790131853958,822,82095,82096,0,0,1,0,0,0,0,0,1,1,0
1790131854958,823,82195,82196,0,0,1,0,0,0,0,0,1,1,0
1790131855958,824,82295,82296,0,0,1,0,0,0,0,0,1,1,0
1790131856958,825,82395,82396,0,0,1,0,0,0,0,0,1,1,0
1790131857958,826,82495,82496,0,0,1,0,0,0,0,0,1,1,0
1790131858958,827,82595,82596,0,0,1,0,0,0,0,0,1,1,0
1790131859958,828,82695,82696,0,0,1,0,0,0,0,0,1,1,0
1790131860958,829,82795,82796,0,0,1,0,0,0,0,0,1,1,0
1790131861958,830,82895,82896,0,0,1,0,0,0,0,0,1,1,0
1790131862959,831,82995,82996,0,0,1,0,0,0,0,0,1,1,0
1790131863959,832,83095,83096,0,0,1,0,0,0,0,0,1,1,0
1790131864959,833,83195,83196,0,0,1,0,0,0,0,0,1,1,0
1790131865960,834,83295,83296,0,0,1,0,0,0,0,0,1,1,0
1790131866960,835,83395,83396,0,0,1,0,0,0,0,0,1,1,0
1790131867961,836,83495,83496,0,0,1,0,0,0,0,0,1,1,0
1790131868961,837,83595,83596,0,0,1,0,0,0,0,0,1,1,0
1790131869961,838,83695,83696,0,0,1,0,0,0,0,0,1,1,0
1790131870962,839,83795,83796,0,0,1,0,0,0,0,0,1,1,0
1790131871962,840,83895,83896,0,0,1,0,0,0,0,0,1,1,0
1790131872963,841,83995,83996,0,0,1,0,0,0,0,0,1,1,0
1790131873963,842,84095,84096,0,0,1,0,0,0,0,0,1,1,0
1790131874964,843,84195,84196,0,0,1,0,0,0,0,0,1,1,0
1790131875958,844,84294,84295,0,0,1,0,0,0,0,0,1,1,0
1790131876958,845,84394,84395,0,0,1,0,0,0,0,0,1,1,0
1790131877958,846,84494,84495,0,0,1,0,0,0,0,0,1,1,0
1790131878958,847,84594,84595,0,0,1,0,0,0,0,0,1,1,0
1790131879958,848,84694,84695,0,0,1,0,0,0,0,0,1,1,0
1790131880958,849,84794,84795,0,0,1,0,0,0,0,0,1,1,0
1790131881958,850,84894,84895,0,0,1,0,0,0,0,0,1,1,0
1790131882958,851,84994,84995,0,0,1,0,0,0,0,0,1,1,0
1790131883958,852,85094,85095,0,0,1,0,0,0,0,0,1,1,0
1790131884958,853,85194,85195,0,0,1,0,0,0,0,0,1,1,0
1790131885958,854,85294,85295,0,0,1,0,0,0,0,0,1,1,0
1790131886958,855,85394,85395,0,0,1,0,0,0,0,0,1,1,0
1790131887959,856,85494,85495,0,0,1,0,0,0,0,0,1,1,0
1790131888959,857,85594,85595,0,0,1,0,0,0,0,0,1,1,0
1790131889960,858,85694,85695,0,0,1,0,0,0,0,0,1,1,0
1790131890960,859,85794,85795,0,0,1,0,0,0,0,0,1,1,0
1790131891960,860,85894,85895,0,0,1,0,0,0,0,0,1,1,0
1790131892961,861,85994,85995,0,0,1,0,0,0,0,0,1,1,0
1790131893961,862,86094,86095,0,0,1,0,0,0,0,0,1,1,0
1790131894962,863,86194,86195,0,0,1,0,0,0,0,0,1,1,0
1790131895962,864,86294,86295,0,0,1,0,0,0,0,0,1,1,0
1790131896963,865,86394,86395,0,0,1,0,0,0,0,0,1,1,0
1790131897963,866,86494,86495,0,0,1,0,0,0,0,0,1,1,0
1790131898964,867,86594,86595,0,0,1,0,0,0,0,0,1,1,0
1790131899958,868,86693,86694,0,0,1,0,0,0,0,0,1,1,0
1790131900958,869,86793,86794,0,0,1,0,0,0,0,0,1,1,0
1790131901958,870,86893,86894,0,0,1,0,0,0,0,0,1,1,0
1790131902958,871,86993,86994,0,0,1,0,0,0,0,0,1,1,0
1790131903958,872,87093,87094,0,0,1,0,0,0,0,0,1,1,0
1790131904958,873,87193,87194,0,0,1,0,0,0,0,0,1,1,0
1790131905958,874,87293,87294,0,0,1,0,0,0,0,0,1,1,0
1790131906958,875,87393,87394,0,0,1,0,0,0,0,0,1,1,0
1790131907958,876,87493,87494,0,0,1,0,0,0,0,0,1,1,0
1790131908958,877,87593,87594,0,0,1,0,0,0,0,0,1,1,0
1790131909958,878,87693,87694,0,0,1,0,0,0,0,0,1,1,0
1790131910959,879,87793,87794,0,0,1,0,0,0,0,0,1,1,0
1790131911959,880,87893,87894,0,0,1,0,0,0,0,0,1,1,0
1790131912959,881,87993,87994,0,0,1,0,0,0,0,0,1,1,0
1790131913960,882,88093,88094,0,0,1,0,0,0,0,0,1,1,0
1790131914960,883,88193,88194,0,0,1,0,0,0,0,0,1,1,0
1790131915961,884,88293,88294,0,0,1,0,0,0,0,0,1,1,0
1790131916961,885,88393,88394,0,0,1,0,0,0,0,0,1,1,0
1790131917962,886,88493,88494,0,0,1,0,0,0,0,0,1,1,0
1790131918962,887,88593,88594,0,0,1,0,0,0,0,0,1,1,0
1790131919963,888,88693,88694,0,0,1,0,0,0,0,0,1,1,0
1790131920963,889,88793,88794,0,0,1,0,0,0,0,0,1,1,0
1790131921963,890,88893,88894,0,0,1,0,0,0,0,0,1,1,0
1790131922958,891,88992,88993,0,0,1,0,0,0,0,0,1,1,0
1790131923958,892,89092,89093,0,0,1,0,0,0,0,0,1,1,0
1790131924958,893,89192,89193,0,0,1,0,0,0,0,0,1,1,0
1790131925958,894,89292,89293,0,0,1,0,0,0,0,0,1,1,0
1790131926958,895,89392,89393,0,0,1,0,0,0,0,0,1,1,0
1790131927958,896,89492,89493,0,0,1,0,0,0,0,0,1,1,0
1790131928958,897,89592,89593,0,0,1,0,0,0,0,0,1,1,0
1790131929958,898,89692,89693,0,0,1,0,0,0,0,0,1,1,0
1790131930958,899,89792,89793,0,0,1,0,0,0,0,0,1,1,0
1790131931958,900,89892,89893,0,0,1,0,0,0,0,0,1,1,0
1790131932958,901,89992,89993,0,0,1,0,0,0,0,0,1,1,0
1790131933959,902,90092,90093,0,0,1,0,0,0,0,0,1,1,0
1790131934959,903,90192,90193,0,0,1,0,0,0,0,0,1,1,0
1790131935959,904,90292,90293,0,0,1,0,0,0,0,0,1,1,0
1790131936960,905,90392,90393,0,0,1,0,0,0,0,0,1,1,0
1790131937960,906,90492,90493,0,0,1,0,0,0,0,0,1,1,0
1790131938961,907,90592,90593,0,0,1,0,0,0,0,0,1,1,0
1790131939961,908,90692,90693,0,0,1,0,0,0,0,0,1,1,0
1790131940962,909,90792,90793,0,0,1,0,0,0,0,0,1,1,0
1790131941962,910,90892,90893,0,0,1,0,0,0,0,0,1,1,0
1790131942963,911,90992,90993,0,0,1,0,0,0,0,0,1,1,0
1790131943963,912,91092,91093,0,0,1,0,0,0,0,0,1,1,0
1790131944963,913,91192,91193,0,0,1,0,0,0,0,0,1,1,0
1790131945958,914,91291,91292,0,0,1,0,0,0,0,0,1,1,0
1790131946958,915,91391,91392,0,0,1,0,0,0,0,0,1,1,0
1790131947958,916,91491,91492,0,0,1,0,0,0,0,0,1,1,0
1790131948958,917,91591,91592,0,0,1,0,0,0,0,0,1,1,0
1790131949958,918,91691,91692,0,0,1,0,0,0,0,0,1,1,0
1790131950958,919,91791,91792,0,0,1,0,0,0,0,0,1,1,0
1790131951958,920,91891,91892,0,0,1,0,0,0,0,0,1,1,0
1790131952958,921,91991,91992,0,0,1,0,0,0,0,0,1,1,0
1790131953958,922,92091,92092,0,0,1,0,0,0,0,0,1,1,0
1790131954958,923,92191,92192,0,0,1,0,0,0,0,0,1,1,0
1790131955958,924,92291,92292,0,0,1,0,0,0,0,0,1,1,0
1790131956959,925,92391,92392,0,0,1,0,0,0,0,0,1,1,0
1790131957959,926,92491,92492,0,0,1,0,0,0,0,0,1,1,0
1790131958959,927,92591,92592,0,0,1,0,0,0,0,0,1,1,0
1790131959960,928,92691,92692,0,0,1,0,0,0,0,0,1,1,0
1790131960960,929,92791,92792,0,0,1,0,0,0,0,0,1,1,0
1790131961961,930,92891,92892,0,0,1,0,0,0,0,0,1,1,0
1790131962961,931,92991,92992,0,0,1,0,0,0,0,0,1,1,0
1790131963962,932,93091,93092,0,0,1,0,0,0,0,0,1,1,0
1790131964962,933,93191,93192,0,0,1,0,0,0,0,0,1,1,0
1790131965962,934,93291,93292,0,0,1,0,0,0,0,0,1,1,0
1790131966963,935,93391,93392,0,0,1,0,0,0,0,0,1,1,0
1790131967963,936,93491,93492,0,0,1,0,0,0,0,0,1,1,0
1790131968958,937,93590,93591,0,0,1,0,0,0,0,0,1,1,0
1790131969958,938,93690,93691,0,0,1,0,0,0,0,0,1,1,0
1790131970958,939,93790,93791,0,0,1,0,0,0,0,0,1,1,0
1790131971958,940,93890,93891,0,0,1,0,0,0,0,0,1,1,0
1790131972958,941,93990,93991,0,0,1,0,0,0,0,0,1,1,0
1790131973958,942,94090,94091,0,0,1,0,0,0,0,0,1,1,0
1790131974958,943,94190,94191,0,0,1,0,0,0,0,0,1,1,0
1790131975958,944,94290,94291,0,0,1,0,0,0,0,0,1,1,0
1790131976958,945,94390,94391,0,0,1,0,0,0,0,0,1,1,0
1790131977958,946,94490,94491,0,0,1,0,0,0,0,0,1,1,0
1790131978958,947,94590,94591,0,0,1,0,0,0,0,0,1,1,0
1790131979959,948,94690,94691,0,0,1,0,0,0,0,0,1,1,0
1790131980959,949,94790,94791,0,0,1,0,0,0,0,0,1,1,0
1790131981959,950,94890,94891,0,0,1,0,0,0,0,0,1,1,0
1790131982960,951,94990,94991,0,0,1,0,0,0,0,0,1,1,0
1790131983960,952,95090,95091,0,0,1,0,0,0,0,0,1,1,0
1790131984961,953,95190,95191,0,0,1,0,0,0,0,0,1,1,0
1790131985961,954,95290,95291,0,0,1,0,0,0,0,0,1,1,0
1790131986962,955,95390,95391,0,0,1,0,0,0,0,0,1,1,0
1790131987962,956,95490,95491,0,0,1,0,0,0,0,0,1,1,0
1790131988962,957,95590,95591,0,0,1,0,0,0,0,0,1,1,0
1790131989963,958,95690,95691,0,0,1,0,0,0,0,0,1,1,0
1790131990963,959,95790,95791,0,0,1,0,0,0,0,0,1,1,0
1790131991958,960,95889,95890,0,0,1,0,0,0,0,0,1,1,0
1790131992958,961,95989,95990,0,0,1,0,0,0,0,0,1,1,0
1790131993958,962,96089,96090,0,0,1,0,0,0,0,0,1,1,0
1790131994958,963,96189,96190,0,0,1,0,0,0,0,0,1,1,0
1790131995958,964,96289,96290,0,0,1,0,0,0,0,0,1,1,0
1790131996958,965,96389,96390,0,0,1,0,0,0,0,0,1,1,0
1790131997958,966,96489,96490,0,0,1,0,0,0,0,0,1,1,0
1790131998959,967,96589,96590,0,0,1,0,0,0,0,0,1,1,0
1790131999959,968,96689,96690,0,0,1,0,0,0,0,0,1,1,0
1790132000958,969,96789,96790,0,0,1,0,0,0,0,0,1,1,0
1790132001958,970,96889,96890,0,0,1,0,0,0,0,0,1,1,0
1790132002958,971,96989,96990,0,0,1,0,0,0,0,0,1,1,0
1790132003959,972,97089,97090,0,0,1,0,0,0,0,0,1,1,0
1790132004959,973,97189,97190,0,0,1,0,0,0,0,0,1,1,0
1790132005960,974,97289,97290,0,0,1,0,0,0,0,0,1,1,0
1790132006960,975,97389,97390,0,0,1,0,0,0,0,0,1,1,0
1790132007961,976,97489,97490,0,0,1,0,0,0,0,0,1,1,0
1790132008961,977,97589,97590,0,0,1,0,0,0,0,0,1,1,0
1790132009961,978,97689,97690,0,0,1,0,0,0,0,0,1,1,0
1790132010962,979,97789,97790,0,0,1,0,0,0,0,0,1,1,0
1790132011962,980,97889,97890,0,0,1,0,0,0,0,0,1,1,0
1790132012963,981,97989,97990,0,0,1,0,0,0,0,0,1,1,0
1790132013963,982,98089,98090,0,0,1,0,0,0,0,0,1,1,0
1790132014964,983,98189,98190,0,0,1,0,0,0,0,0,1,1,0
1790132015958,984,98288,98289,0,0,1,0,0,0,0,0,1,1,0
1790132016958,985,98388,98389,0,0,1,0,0,0,0,0,1,1,0
1790132017958,986,98488,98489,0,0,1,0,0,0,0,0,1,1,0
1790132018958,987,98588,98589,0,0,1,0,0,0,0,0,1,1,0
1790132019958,988,98688,98689,0,0,1,0,0,0,0,0,1,1,0
1790132020958,989,98788,98789,0,0,1,0,0,0,0,0,1,1,0
1790132021958,990,98888,98889,0,0,1,0,0,0,0,0,1,1,0
1790132022958,991,98988,98989,0,0,1,0,0,0,0,0,1,1,0
1790132023958,992,99088,99089,0,0,1,0,0,0,0,0,1,1,0
1790132024958,993,99188,99189,0,0,1,0,0,0,0,0,1,1,0
1790132025958,994,99288,99289,0,0,1,0,0,0,0,0,1,1,0
1790132026959,995,99388,99389,0,0,1,0,0,0,0,0,1,1,0
1790132027959,996,99488,99489,0,0,1,0,0,0,0,0,1,1,0
1790132028960,997,99588,99589,0,0,1,0,0,0,0,0,1,1,0
1790132029960,998,99688,99689,0,0,1,0,0,0,0,0,1,1,0
1790132030960,999,99788,99789,0,0,1,0,0,0,0,0,1,1,0
1790132031961,1000,99888,99889,0,0,1,0,0,0,0,0,1,1,0
1790132032961,1001,99988,99989,0,0,1,0,0,0,0,0,1,1,0
1790132033962,1002,100088,100089,0,0,1,0,0,0,0,0,1,1,0
1790132034962,1003,100188,100189,0,0,1,0,0,0,0,0,1,1,0
1790132035963,1004,100288,100289,0,0,1,0,0,0,0,0,1,1,0
1790132036965,1005,100388,100389,0,0,1,0,0,0,0,0,1,1,0
1790132037965,1006,100488,100489,0,0,1,0,0,0,0,0,1,1,0
1790132038958,1007,100587,100588,0,0,1,0,0,0,0,0,1,1,0
1790132039958,1008,100687,100688,0,0,1,0,0,0,0,0,1,1,0
1790132040958,1009,100787,100788,0,0,1,0,0,0,0,0,1,1,0
1790132041958,1010,100887,100888,0,0,1,0,0,0,0,0,1,1,0
1790132042958,1011,100987,100988,0,0,1,0,0,0,0,0,1,1,0
1790132043958,1012,101087,101088,0,0,1,0,0,0,0,0,1,1,0
1790132044958,1013,101187,101188,0,0,1,0,0,0,0,0,1,1,0
1790132045958,1014,101287,101288,0,0,1,0,0,0,0,0,1,1,0
1790132046958,1015,101387,101388,0,0,1,0,0,0,0,0,1,1,0
1790132047959,1016,101487,101488,0,0,1,0,0,0,0,0,1,1,0
1790132048959,1017,101587,101588,0,0,1,0,0,0,0,0,1,1,0
1790132049961,1018,101687,101688,0,0,1,0,0,0,0,0,1,1,0
1790132050960,1019,101787,101788,0,0,1,0,0,0,0,0,1,1,0
1790132051961,1020,101887,101888,0,0,1,0,0,0,0,0,1,1,0
1790132052961,1021,101987,101988,0,0,1,0,0,0,0,0,1,1,0
1790132053961,1022,102087,102088,0,0,1,0,0,0,0,0,1,1,0
1790132054962,1023,102187,102188,0,0,1,0,0,0,0,0,1,1,0
1790132055962,1024,102287,102288,0,0,1,0,0,0,0,0,1,1,0
1790132056964,1025,102387,102388,0,0,1,0,0,0,0,0,1,1,0
1790132057963,1026,102487,102488,0,0,1,0,0,0,0,0,1,1,0
1790132058963,1027,102587,102588,0,0,1,0,0,0,0,0,1,1,0
1790132059964,1028,102687,102688,0,0,1,0,0,0,0,0,1,1,0
1790132060964,1029,102787,102788,0,0,1,0,0,0,0,0,1,1,0
1790132061959,1030,102886,102887,0,0,1,0,0,0,0,0,1,1,0
1790132062959,1031,102986,102987,0,0,1,0,0,0,0,0,1,1,0
1790132063959,1032,103086,103087,0,0,1,0,0,0,0,0,1,1,0
1790132064959,1033,103186,103187,0,0,1,0,0,0,0,0,1,1,0
1790132065959,1034,103286,103287,0,0,1,0,0,0,0,0,1,1,0
1790132066959,1035,103386,103387,0,0,1,0,0,0,0,0,1,1,0
1790132067959,1036,103486,103487,0,0,1,0,0,0,0,0,1,1,0
1790132068959,1037,103586,103587,0,0,1,0,0,0,0,0,1,1,0
1790132069959,1038,103686,103687,0,0,1,0,0,0,0,0,1,1,0
1790132070959,1039,103786,103787,0,0,1,0,0,0,0,0,1,1,0
1790132071959,1040,103886,103887,0,0,1,0,0,0,0,0,1,1,0
1790132072959,1041,103986,103987,0,0,1,0,0,0,0,0,1,1,0
1790132073959,1042,104086,104087,0,0,1,0,0,0,0,0,1,1,0
1790132074960,1043,104186,104187,0,0,1,0,0,0,0,0,1,1,0
1790132075960,1044,104286,104287,0,0,1,0,0,0,0,0,1,1,0
1790132076960,1045,104386,104387,0,0,1,0,0,0,0,0,1,1,0
1790132077961,1046,104486,104487,0,0,1,0,0,0,0,0,1,1,0
1790132078960,1047,104586,104587,0,0,1,0,0,0,0,0,1,1,0
1790132079961,1048,104686,104687,0,0,1,0,0,0,0,0,1,1,0
1790132080962,1049,104786,104787,0,0,1,0,0,0,0,0,1,1,0
1790132081964,1050,104886,104887,0,0,1,0,0,0,0,0,1,1,0
1790132082965,1051,104986,104987,0,0,1,0,0,0,0,0,1,1,0
1790132083959,1052,105085,105086,0,0,1,0,0,0,0,0,1,1,0
1790132084964,1053,105186,105187,0,0,1,0,0,0,0,0,1,1,0
1790132085960,1054,105285,105286,0,0,1,0,0,0,0,0,1,1,0
1790132086959,1055,105385,105386,0,0,1,0,0,0,0,0,1,1,0
1790132087959,1056,105485,105486,0,0,1,0,0,0,0,0,1,1,0
1790132088959,1057,105585,105586,0,0,1,0,0,0,0,0,1,1,0
1790132089959,1058,105685,105686,0,0,1,0,0,0,0,0,1,1,0
1790132090959,1059,105785,105786,0,0,1,0,0,0,0,0,1,1,0
1790132091959,1060,105885,105886,0,0,1,0,0,0,0,0,1,1,0
1790132092959,1061,105985,105986,0,0,1,0,0,0,0,0,1,1,0
1790132093959,1062,106085,106086,0,0,1,0,0,0,0,0,1,1,0
1790132094959,1063,106185,106186,0,0,1,0,0,0,0,0,1,1,0
1790132095959,1064,106285,106286,0,0,1,0,0,0,0,0,1,1,0
1790132096960,1065,106385,106386,0,0,1,0,0,0,0,0,1,1,0
1790132097960,1066,106485,106486,0,0,1,0,0,0,0,0,1,1,0
1790132098962,1067,106585,106586,0,0,1,0,0,0,0,0,1,1,0
1790132099961,1068,106685,106686,0,0,1,0,0,0,0,0,1,1,0
1790132100961,1069,106785,106786,0,0,1,0,0,0,0,0,1,1,0
1790132101962,1070,106885,106886,0,0,1,0,0,0,0,0,1,1,0
1790132102963,1071,106985,106986,0,0,1,0,0,0,0,0,1,1,0
1790132103965,1072,107085,107086,0,0,1,0,0,0,0,0,1,1,0
1790132104962,1073,107185,107186,0,0,1,0,0,0,0,0,1,1,0
1790132105963,1074,107285,107286,0,0,1,0,0,0,0,0,1,1,0
1790132106965,1075,107385,107386,0,0,1,0,0,0,0,0,1,1,0
1790132107964,1076,107485,107486,0,0,1,0,0,0,0,0,1,1,0
1790132108959,1077,107584,107585,0,0,1,0,0,0,0,0,1,1,0
1790132109960,1078,107684,107685,0,0,1,0,0,0,0,0,1,1,0
1790132110961,1079,107784,107785,0,0,1,0,0,0,0,0,1,1,0
1790132111959,1080,107884,107885,0,0,1,0,0,0,0,0,1,1,0
1790132112959,1081,107984,107985,0,0,1,0,0,0,0,0,1,1,0
1790132113959,1082,108084,108085,0,0,1,0,0,0,0,0,1,1,0
1790132114959,1083,108184,108185,0,0,1,0,0,0,0,0,1,1,0
1790132115959,1084,108284,108285,0,0,1,0,0,0,0,0,1,1,0
1790132116959,1085,108384,108385,0,0,1,0,0,0,0,0,1,1,0
1790132117959,1086,108484,108485,0,0,1,0,0,0,0,0,1,1,0
1790132118959,1087,108584,108585,0,0,1,0,0,0,0,0,1,1,0
1790132119959,1088,108684,108685,0,0,1,0,0,0,0,0,1,1,0
1790132120961,1089,108784,108785,0,0,1,0,0,0,0,0,1,1,0
1790132121961,1090,108884,108885,0,0,1,0,0,0,0,0,1,1,0
1790132122959,1091,108984,108985,0,0,1,0,0,0,0,0,1,1,0
1790132123959,1092,109084,109084,0,0,1,0,0,0,0,0,0,1,0
1790132124959,1093,109184,109184,0,0,1,0,0,0,0,0,0,1,0
1790132125963,1094,109284,109285,0,0,1,0,0,0,0,0,1,1,0
1790132126964,1095,109384,109385,0,0,1,0,0,0,0,0,1,1,0
1790132127962,1096,109484,109485,0,0,1,0,0,0,0,0,1,1,0
1790132128964,1097,109584,109585,0,0,1,0,0,0,0,0,1,1,0
1790132129964,1098,109684,109685,0,0,1,0,0,0,0,0,1,1,0
1790132130965,1099,109784,109785,0,0,1,0,0,0,0,0,1,1,0
1790132131963,1100,109884,109884,0,0,1,0,0,0,0,0,0,1,0
1790132132959,1101,109983,109984,0,0,1,0,0,0,0,0,1,1,0
1790132133959,1102,110083,110084,0,0,1,0,0,0,0,0,1,1,0
1790132134959,1103,110183,110184,0,0,1,0,0,0,0,0,1,1,0
1790132135959,1104,110283,110284,0,0,1,0,0,0,0,0,1,1,0
1790132136959,1105,110383,110384,0,0,1,0,0,0,0,0,1,1,0
1790132137959,1106,110483,110484,0,0,1,0,0,0,0,0,1,1,0
1790132138959,1107,110583,110584,0,0,1,0,0,0,0,0,1,1,0
1790132139959,1108,110683,110684,0,0,1,0,0,0,0,0,1,1,0
1790132140959,1109,110783,110784,0,0,1,0,0,0,0,0,1,1,0
1790132141959,1110,110883,110884,0,0,1,0,0,0,0,0,1,1,0
1790132142959,1111,110983,110984,0,0,1,0,0,0,0,0,1,1,0
1790132143959,1112,111083,111084,0,0,1,0,0,0,0,0,1,1,0
1790132144959,1113,111183,111184,0,0,1,0,0,0,0,0,1,1,0
1790132145959,1114,111283,111284,0,0,1,0,0,0,0,0,1,1,0
1790132146960,1115,111383,111384,0,0,1,0,0,0,0,0,1,1,0
1790132147960,1116,111483,111484,0,0,1,0,0,0,0,0,1,1,0
1790132148960,1117,111583,111584,0,0,1,0,0,0,0,0,1,1,0
1790132149962,1118,111683,111684,0,0,1,0,0,0,0,0,1,1,0
1790132150962,1119,111783,111784,0,0,1,0,0,0,0,0,1,1,0
1790132151962,1120,111883,111884,0,0,1,0,0,0,0,0,1,1,0
1790132152963,1121,111983,111984,0,0,1,0,0,0,0,0,1,1,0
1790132153963,1122,112083,112084,0,0,1,0,0,0,0,0,1,1,0
1790132154964,1123,112183,112184,0,0,1,0,0,0,0,0,1,1,0
1790132155959,1124,112282,112283,0,0,1,0,0,0,0,0,1,1,0
1790132156959,1125,112382,112383,0,0,1,0,0,0,0,0,1,1,0
1790132157959,1126,112482,112483,0,0,1,0,0,0,0,0,1,1,0
1790132158959,1127,112582,112583,0,0,1,0,0,0,0,0,1,1,0
1790132159959,1128,112682,112683,0,0,1,0,0,0,0,0,1,1,0
1790132160959,1129,112782,112783,0,0,1,0,0,0,0,0,1,1,0
1790132161959,1130,112882,112883,0,0,1,0,0,0,0,0,1,1,0
1790132162959,1131,112982,112983,0,0,1,0,0,0,0,0,1,1,0
1790132163959,1132,113082,113083,0,0,1,0,0,0,0,0,1,1,0
1790132164959,1133,113182,113183,0,0,1,0,0,0,0,0,1,1,0
1790132165959,1134,113282,113283,0,0,1,0,0,0,0,0,1,1,0
1790132166959,1135,113382,113383,0,0,1,0,0,0,0,0,1,1,0
1790132167959,1136,113482,113483,0,0,1,0,0,0,0,0,1,1,0
1790132168960,1137,113582,113583,0,0,1,0,0,0,0,0,1,1,0
1790132169959,1138,113682,113683,0,0,1,0,0,0,0,0,1,1,0
1790132170961,1139,113782,113783,0,0,1,0,0,0,0,0,1,1,0
1790132171961,1140,113882,113883,0,0,1,0,0,0,0,0,1,1,0
1790132172962,1141,113982,113983,0,0,1,0,0,0,0,0,1,1,0
1790132173962,1142,114082,114083,0,0,1,0,0,0,0,0,1,1,0
1790132174962,1143,114182,114183,0,0,1,0,0,0,0,0,1,1,0
1790132175963,1144,114282,114283,0,0,1,0,0,0,0,0,1,1,0
1790132176963,1145,114382,114383,0,0,1,0,0,0,0,0,1,1,0
1790132177964,1146,114482,114483,0,0,1,0,0,0,0,0,1,1,0
1790132178964,1147,114582,114583,0,0,1,0,0,0,0,0,1,1,0
1790132179959,1148,114681,114682,0,0,1,0,0,0,0,0,1,1,0
1790132180959,1149,114781,114782,0,0,1,0,0,0,0,0,1,1,0
1790132181959,1150,114881,114882,0,0,1,0,0,0,0,0,1,1,0
1790132182959,1151,114981,114982,0,0,1,0,0,0,0,0,1,1,0
1790132183959,1152,115081,115082,0,0,1,0,0,0,0,0,1,1,0
1790132184959,1153,115181,115182,0,0,1,0,0,0,0,0,1,1,0
1790132185959,1154,115281,115282,0,0,1,0,0,0,0,0,1,1,0
1790132186959,1155,115381,115382,0,0,1,0,0,0,0,0,1,1,0
1790132187959,1156,115481,115482,0,0,1,0,0,0,0,0,1,1,0
1790132188959,1157,115581,115582,0,0,1,0,0,0,0,0,1,1,0
1790132189959,1158,115681,115682,0,0,1,0,0,0,0,0,1,1,0
1790132190959,1159,115781,115782,0,0,1,0,0,0,0,0,1,1,0
1790132191960,1160,115881,115882,0,0,1,0,0,0,0,0,1,1,0
1790132192960,1161,115981,115982,0,0,1,0,0,0,0,0,1,1,0
1790132193960,1162,116081,116082,0,0,1,0,0,0,0,0,1,1,0
1790132194962,1163,116181,116182,0,0,1,0,0,0,0,0,1,1,0
1790132195962,1164,116281,116282,0,0,1,0,0,0,0,0,1,1,0
1790132196962,1165,116381,116382,0,0,1,0,0,0,0,0,1,1,0
1790132197963,1166,116481,116482,0,0,1,0,0,0,0,0,1,1,0
1790132198963,1167,116581,116582,0,0,1,0,0,0,0,0,1,1,0
1790132199965,1168,116681,116682,0,0,1,0,0,0,0,0,1,1,0
1790132200964,1169,116781,116782,0,0,1,0,0,0,0,0,1,1,0
1790132201965,1170,116881,116882,0,0,1,0,0,0,0,0,1,1,0
1790132202959,1171,116980,116981,0,0,1,0,0,0,0,0,1,1,0
1790132203959,1172,117080,117081,0,0,1,0,0,0,0,0,1,1,0
1790132204959,1173,117180,117181,0,0,1,0,0,0,0,0,1,1,0
1790132205959,1174,117280,117281,0,0,1,0,0,0,0,0,1,1,0
1790132206959,1175,117380,117381,0,0,1,0,0,0,0,0,1,1,0
1790132207959,1176,117480,117481,0,0,1,0,0,0,0,0,1,1,0
1790132208959,1177,117580,117581,0,0,1,0,0,0,0,0,1,1,0
1790132209959,1178,117680,117681,0,0,1,0,0,0,0,0,1,1,0
1790132210959,1179,117780,117781,0,0,1,0,0,0,0,0,1,1,0
1790132211959,1180,117880,117881,0,0,1,0,0,0,0,0,1,1,0
1790132212959,1181,117980,117981,0,0,1,0,0,0,0,0,1,1,0
1790132213960,1182,118080,118081,0,0,1,0,0,0,0,0,1,1,0
1790132214960,1183,118180,118181,0,0,1,0,0,0,0,0,1,1,0
1790132215960,1184,118280,118281,0,0,1,0,0,0,0,0,1,1,0
1790132216961,1185,118380,118381,0,0,1,0,0,0,0,0,1,1,0
1790132217961,1186,118480,118481,0,0,1,0,0,0,0,0,1,1,0
1790132218962,1187,118580,118581,0,0,1,0,0,0,0,0,1,1,0
1790132219962,1188,118680,118681,0,0,1,0,0,0,0,0,1,1,0
1790132220963,1189,118780,118781,0,0,1,0,0,0,0,0,1,1,0
1790132221963,1190,118880,118881,0,0,1,0,0,0,0,0,1,1,0
1790132222964,1191,118980,118981,0,0,1,0,0,0,0,0,1,1,0
1790132223964,1192,119080,119081,0,0,1,0,0,0,0,0,1,1,0
1790132224964,1193,119180,119181,0,0,1,0,0,0,0,0,1,1,0
1790132225965,1194,119280,119281,0,0,1,0,0,0,0,0,1,1,0
1790132226959,1195,119379,119380,0,0,1,0,0,0,0,0,1,1,0
1790132227959,1196,119479,119480,0,0,1,0,0,0,0,0,1,1,0
1790132228959,1197,119579,119580,0,0,1,0,0,0,0,0,1,1,0
1790132229959,1198,119679,119680,0,0,1,0,0,0,0,0,1,1,0
1790132230959,1199,119779,119780,0,0,1,0,0,0,0,0,1,1,0
1790132231959,1200,119879,119880,0,0,1,0,0,0,0,0,1,1,0
1790132232959,1201,119979,119980,0,0,1,0,0,0,0,0,1,1,0
1790132233959,1202,120079,120080,0,0,1,0,0,0,0,0,1,1,0
1790132234959,1203,120179,120180,0,0,1,0,0,0,0,0,1,1,0
1790132235959,1204,120279,120280,0,0,1,0,0,0,0,0,1,1,0
1790132236959,1205,120379,120380,0,0,1,0,0,0,0,0,1,1,0
1790132237960,1206,120479,120480,0,0,1,0,0,0,0,0,1,1,0
1790132238960,1207,120579,120580,0,0,1,0,0,0,0,0,1,1,0
1790132239961,1208,120679,120680,0,0,1,0,0,0,0,0,1,1,0
1790132240961,1209,120779,120780,0,0,1,0,0,0,0,0,1,1,0
1790132241962,1210,120879,120880,0,0,1,0,0,0,0,0,1,1,0
1790132242962,1211,120979,120980,0,0,1,0,0,0,0,0,1,1,0
1790132243962,1212,121079,121080,0,0,1,0,0,0,0,0,1,1,0
1790132244963,1213,121179,121180,0,0,1,0,0,0,0,0,1,1,0
1790132245963,1214,121279,121280,0,0,1,0,0,0,0,0,1,1,0
1790132246964,1215,121379,121380,0,0,1,0,0,0,0,0,1,1,0
1790132247964,1216,121479,121480,0,0,1,0,0,0,0,0,1,1,0
1790132248965,1217,121579,121580,0,0,1,0,0,0,0,0,1,1,0
1790132249966,1218,121679,121680,0,0,1,0,0,0,0,0,1,1,0
1790132250959,1219,121778,121779,0,0,1,0,0,0,0,0,1,1,0
1790132251959,1220,121878,121879,0,0,1,0,0,0,0,0,1,1,0
1790132252959,1221,121978,121979,0,0,1,0,0,0,0,0,1,1,0
1790132253959,1222,122078,122079,0,0,1,0,0,0,0,0,1,1,0
1790132254959,1223,122178,122179,0,0,1,0,0,0,0,0,1,1,0
1790132255959,1224,122278,122279,0,0,1,0,0,0,0,0,1,1,0
1790132256959,1225,122378,122379,0,0,1,0,0,0,0,0,1,1,0
1790132257959,1226,122478,122479,0,0,1,0,0,0,0,0,1,1,0
1790132258959,1227,122578,122579,0,0,1,0,0,0,0,0,1,1,0
1790132259959,1228,122678,122679,0,0,1,0,0,0,0,0,1,1,0
1790132260960,1229,122778,122779,0,0,1,0,0,0,0,0,1,1,0
1790132261960,1230,122878,122879,0,0,1,0,0,0,0,0,1,1,0
1790132262961,1231,122978,122979,0,0,1,0,0,0,0,0,1,1,0
1790132263961,1232,123078,123079,0,0,1,0,0,0,0,0,1,1,0
1790132264961,1233,123178,123179,0,0,1,0,0,0,0,0,1,1,0
1790132265962,1234,123278,123279,0,0,1,0,0,0,0,0,1,1,0
1790132266962,1235,123378,123379,0,0,1,0,0,0,0,0,1,1,0
1790132267963,1236,123478,123479,0,0,1,0,0,0,0,0,1,1,0
1790132268963,1237,123578,123579,0,0,1,0,0,0,0,0,1,1,0
1790132269965,1238,123678,123679,0,0,1,0,0,0,0,0,1,1,0
1790132270964,1239,123778,123779,0,0,1,0,0,0,0,0,1,1,0
1790132271964,1240,123878,123879,0,0,1,0,0,0,0,0,1,1,0
1790132272965,1241,123978,123979,0,0,1,0,0,0,0,0,1,1,0
1790132273959,1242,124077,124078,0,0,1,0,0,0,0,0,1,1,0
1790132274959,1243,124177,124178,0,0,1,0,0,0,0,0,1,1,0
1790132275959,1244,124277,124278,0,0,1,0,0,0,0,0,1,1,0
1790132276959,1245,124377,124378,0,0,1,0,0,0,0,0,1,1,0
1790132277959,1246,124477,124478,0,0,1,0,0,0,0,0,1,1,0
1790132278959,1247,124577,124578,0,0,1,0,0,0,0,0,1,1,0
1790132279959,1248,124677,124678,0,0,1,0,0,0,0,0,1,1,0
1790132280959,1249,124777,124778,0,0,1,0,0,0,0,0,1,1,0
1790132281959,1250,124877,124878,0,0,1,0,0,0,0,0,1,1,0
1790132282959,1251,124977,124978,0,0,1,0,0,0,0,0,1,1,0
1790132283960,1252,125077,125078,0,0,1,0,0,0,0,0,1,1,0
1790132284960,1253,125177,125178,0,0,1,0,0,0,0,0,1,1,0
1790132285960,1254,125277,125278,0,0,1,0,0,0,0,0,1,1,0
1790132286961,1255,125377,125378,0,0,1,0,0,0,0,0,1,1,0
1790132287961,1256,125477,125478,0,0,1,0,0,0,0,0,1,1,0
1790132288962,1257,125577,125578,0,0,1,0,0,0,0,0,1,1,0
1790132289962,1258,125677,125678,0,0,1,0,0,0,0,0,1,1,0
1790132290964,1259,125777,125778,0,0,1,0,0,0,0,0,1,1,0
1790132291963,1260,125877,125878,0,0,1,0,0,0,0,0,1,1,0
1790132292963,1261,125977,125978,0,0,1,0,0,0,0,0,1,1,0
1790132293964,1262,126077,126078,0,0,1,0,0,0,0,0,1,1,0
1790132294964,1263,126177,126178,0,0,1,0,0,0,0,0,1,1,0
1790132295965,1264,126277,126278,0,0,1,0,0,0,0,0,1,1,0
1790132296959,1265,126376,126377,0,0,1,0,0,0,0,0,1,1,0
1790132297959,1266,126476,126477,0,0,1,0,0,0,0,0,1,1,0
1790132298959,1267,126576,126577,0,0,1,0,0,0,0,0,1,1,0
1790132299959,1268,126676,126677,0,0,1,0,0,0,0,0,1,1,0
1790132300959,1269,126776,126777,0,0,1,0,0,0,0,0,1,1,0
1790132301959,1270,126876,126877,0,0,1,0,0,0,0,0,1,1,0
1790132302959,1271,126976,126977,0,0,1,0,0,0,0,0,1,1,0
1790132303959,1272,127076,127077,0,0,1,0,0,0,0,0,1,1,0
1790132304959,1273,127176,127177,0,0,1,0,0,0,0,0,1,1,0
1790132305960,1274,127276,127277,0,0,1,0,0,0,0,0,1,1,0
1790132306959,1275,127376,127377,0,0,1,0,0,0,0,0,1,1,0
1790132307960,1276,127476,127477,0,0,1,0,0,0,0,0,1,1,0
1790132308960,1277,127576,127577,0,0,1,0,0,0,0,0,1,1,0
1790132309961,1278,127676,127677,0,0,1,0,0,0,0,0,1,1,0
1790132310961,1279,127776,127777,0,0,1,0,0,0,0,0,1,1,0
1790132311962,1280,127876,127877,0,0,1,0,0,0,0,0,1,1,0
1790132312961,1281,127976,127977,0,0,1,0,0,0,0,0,1,1,0
1790132313962,1282,128076,128077,0,0,1,0,0,0,0,0,1,1,0
1790132314962,1283,128176,128177,0,0,1,0,0,0,0,0,1,1,0
1790132315963,1284,128276,128277,0,0,1,0,0,0,0,0,1,1,0
1790132316963,1285,128376,128377,0,0,1,0,0,0,0,0,1,1,0
1790132317964,1286,128476,128477,0,0,1,0,0,0,0,0,1,1,0
1790132318964,1287,128576,128577,0,0,1,0,0,0,0,0,1,1,0
1790132319965,1288,128676,128677,0,0,1,0,0,0,0,0,1,1,0
1790132320959,1289,128775,128776,0,0,1,0,0,0,0,0,1,1,0
1790132321959,1290,128875,128876,0,0,1,0,0,0,0,0,1,1,0
1790132322959,1291,128975,128976,0,0,1,0,0,0,0,0,1,1,0
1790132323959,1292,129075,129076,0,0,1,0,0,0,0,0,1,1,0
1790132324959,1293,129175,129176,0,0,1,0,0,0,0,0,1,1,0
1790132325959,1294,129275,129276,0,0,1,0,0,0,0,0,1,1,0
1790132326959,1295,129375,129376,0,0,1,0,0,0,0,0,1,1,0
1790132327959,1296,129475,129476,0,0,1,0,0,0,0,0,1,1,0
1790132328959,1297,129575,129576,0,0,1,0,0,0,0,0,1,1,0
1790132329959,1298,129675,129676,0,0,1,0,0,0,0,0,1,1,0
1790132330960,1299,129775,129776,0,0,1,0,0,0,0,0,1,1,0
1790132331960,1300,129875,129876,0,0,1,0,0,0,0,0,1,1,0
1790132332961,1301,129975,129976,0,0,1,0,0,0,0,0,1,1,0
1790132333960,1302,130075,130076,0,0,1,0,0,0,0,0,1,1,0
1790132334961,1303,130175,130176,0,0,1,0,0,0,0,0,1,1,0
1790132335962,1304,130275,130276,0,0,1,0,0,0,0,0,1,1,0
1790132336962,1305,130375,130376,0,0,1,0,0,0,0,0,1,1,0
1790132337962,1306,130475,130476,0,0,1,0,0,0,0,0,1,1,0
1790132338963,1307,130575,130576,0,0,1,0,0,0,0,0,1,1,0
1790132339963,1308,130675,130676,0,0,1,0,0,0,0,0,1,1,0
1790132340964,1309,130775,130776,0,0,1,0,0,0,0,0,1,1,0
1790132341964,1310,130875,130876,0,0,1,0,0,0,0,0,1,1,0
1790132342965,1311,130975,130976,0,0,1,0,0,0,0,0,1,1,0
1790132343959,1312,131074,131075,0,0,1,0,0,0,0,0,1,1,0
1790132344959,1313,131174,131175,0,0,1,0,0,0,0,0,1,1,0
1790132345959,1314,131274,131275,0,0,1,0,0,0,0,0,1,1,0
1790132346959,1315,131374,131375,0,0,1,0,0,0,0,0,1,1,0
1790132347959,1316,131474,131475,0,0,1,0,0,0,0,0,1,1,0
1790132348959,1317,131574,131575,0,0,1,0,0,0,0,0,1,1,0
1790132349959,1318,131674,131675,0,0,1,0,0,0,0,0,1,1,0
1790132350959,1319,131774,131775,0,0,1,0,0,0,0,0,1,1,0
1790132351959,1320,131874,131875,0,0,1,0,0,0,0,0,1,1,0
1790132352959,1321,131974,131975,0,0,1,0,0,0,0,0,1,1,0
1790132353960,1322,132074,132075,0,0,1,0,0,0,0,0,1,1,0
1790132354960,1323,132174,132175,0,0,1,0,0,0,0,0,1,1,0
1790132355960,1324,132274,132275,0,0,1,0,0,0,0,0,1,1,0
1790132356961,1325,132374,132375,0,0,1,0,0,0,0,0,1,1,0
1790132357961,1326,132474,132475,0,0,1,0,0,0,0,0,1,1,0
1790132358962,1327,132574,132575,0,0,1,0,0,0,0,0,1,1,0
1790132359961,1328,132674,132675,0,0,1,0,0,0,0,0,1,1,0
1790132360963,1329,132774,132775,0,0,1,0,0,0,0,0,1,1,0
1790132361963,1330,132874,132875,0,0,1,0,0,0,0,0,1,1,0
1790132362963,1331,132974,132975,0,0,1,0,0,0,0,0,1,1,0
1790132363963,1332,133074,133075,0,0,1,0,0,0,0,0,1,1,0
1790132364964,1333,133174,133175,0,0,1,0,0,0,0,0,1,1,0
1790132365965,1334,133274,133275,0,0,1,0,0,0,0,0,1,1,0
1790132366959,1335,133373,133374,0,0,1,0,0,0,0,0,1,1,0
1790132367959,1336,133473,133474,0,0,1,0,0,0,0,0,1,1,0
1790132368959,1337,133573,133574,0,0,1,0,0,0,0,0,1,1,0
1790132369959,1338,133673,133674,0,0,1,0,0,0,0,0,1,1,0
1790132370959,1339,133773,133774,0,0,1,0,0,0,0,0,1,1,0
1790132371959,1340,133873,133874,0,0,1,0,0,0,0,0,1,1,0
1790132372959,1341,133973,133974,0,0,1,0,0,0,0,0,1,1,0
1790132373959,1342,134073,134074,0,0,1,0,0,0,0,0,1,1,0
1790132374960,1343,134173,134174,0,0,1,0,0,0,0,0,1,1,0
1790132375959,1344,134273,134274,0,0,1,0,0,0,0,0,1,1,0
1790132376959,1345,134373,134374,0,0,1,0,0,0,0,0,1,1,0
1790132377959,1346,134473,134474,0,0,1,0,0,0,0,0,1,1,0
1790132378960,1347,134573,134574,0,0,1,0,0,0,0,0,1,1,0
1790132379961,1348,134673,134674,0,0,1,0,0,0,0,0,1,1,0
1790132380961,1349,134773,134774,0,0,1,0,0,0,0,0,1,1,0
1790132381962,1350,134873,134874,0,0,1,0,0,0,0,0,1,1,0
1790132382962,1351,134973,134974,0,0,1,0,0,0,0,0,1,1,0
1790132383962,1352,135073,135074,0,0,1,0,0,0,0,0,1,1,0
1790132384963,1353,135173,135174,0,0,1,0,0,0,0,0,1,1,0
1790132385963,1354,135273,135274,0,0,1,0,0,0,0,0,1,1,0
1790132386964,1355,135373,135374,0,0,1,0,0,0,0,0,1,1,0
1790132387964,1356,135473,135474,0,0,1,0,0,0,0,0,1,1,0
1790132388965,1357,135573,135574,0,0,1,0,0,0,0,0,1,1,0
1790132389965,1358,135673,135674,0,0,1,0,0,0,0,0,1,1,0
1790132390959,1359,135772,135773,0,0,1,0,0,0,0,0,1,1,0
1790132391959,1360,135872,135873,0,0,1,0,0,0,0,0,1,1,0
1790132392959,1361,135972,135973,0,0,1,0,0,0,0,0,1,1,0
1790132393959,1362,136072,136073,0,0,1,0,0,0,0,0,1,1,0
1790132394959,1363,136172,136173,0,0,1,0,0,0,0,0,1,1,0
1790132395959,1364,136272,136273,0,0,1,0,0,0,0,0,1,1,0
1790132396959,1365,136372,136373,0,0,1,0,0,0,0,0,1,1,0
1790132397959,1366,136472,136473,0,0,1,0,0,0,0,0,1,1,0
1790132398959,1367,136572,136573,0,0,1,0,0,0,0,0,1,1,0
1790132399959,1368,136672,136673,0,0,1,0,0,0,0,0,1,1,0
1790132400959,1369,136772,136773,0,0,1,0,0,0,0,0,1,1,0
1790132401960,1370,136872,136873,0,0,1,0,0,0,0,0,1,1,0
1790132402960,1371,136972,136973,0,0,1,0,0,0,0,0,1,1,0
1790132403960,1372,137072,137073,0,0,1,0,0,0,0,0,1,1,0
1790132404962,1373,137172,137173,0,0,1,0,0,0,0,0,1,1,0
1790132405962,1374,137272,137273,0,0,1,0,0,0,0,0,1,1,0
1790132406962,1375,137372,137373,0,0,1,0,0,0,0,0,1,1,0
1790132407963,1376,137472,137473,0,0,1,0,0,0,0,0,1,1,0
1790132408963,1377,137572,137573,0,0,1,0,0,0,0,0,1,1,0
1790132409963,1378,137672,137673,0,0,1,0,0,0,0,0,1,1,0
1790132410964,1379,137772,137773,0,0,1,0,0,0,0,0,1,1,0
1790132411965,1380,137872,137873,0,0,1,0,0,0,0,0,1,1,0
1790132412965,1381,137972,137973,0,0,1,0,0,0,0,0,1,1,0
1790132413959,1382,138071,138072,0,0,1,0,0,0,0,0,1,1,0
1790132414959,1383,138171,138172,0,0,1,0,0,0,0,0,1,1,0
1790132415959,1384,138271,138272,0,0,1,0,0,0,0,0,1,1,0
1790132416959,1385,138371,138372,0,0,1,0,0,0,0,0,1,1,0
1790132417959,1386,138471,138472,0,0,1,0,0,0,0,0,1,1,0
1790132418959,1387,138571,138572,0,0,1,0,0,0,0,0,1,1,0
1790132419959,1388,138671,138672,0,0,1,0,0,0,0,0,1,1,0
1790132420959,1389,138771,138772,0,0,1,0,0,0,0,0,1,1,0
1790132421959,1390,138871,138872,0,0,1,0,0,0,0,0,1,1,0
1790132422960,1391,138971,138972,0,0,1,0,0,0,0,0,1,1,0
1790132423960,1392,139071,139072,0,0,1,0,0,0,0,0,1,1,0
1790132424960,1393,139171,139172,0,0,1,0,0,0,0,0,1,1,0
1790132425961,1394,139271,139272,0,0,1,0,0,0,0,0,1,1,0
1790132426961,1395,139371,139372,0,0,1,0,0,0,0,0,1,1,0
1790132427961,1396,139471,139472,0,0,1,0,0,0,0,0,1,1,0
1790132428962,1397,139571,139572,0,0,1,0,0,0,0,0,1,1,0
1790132429962,1398,139671,139672,0,0,1,0,0,0,0,0,1,1,0
1790132430963,1399,139771,139772,0,0,1,0,0,0,0,0,1,1,0
1790132431963,1400,139871,139872,0,0,1,0,0,0,0,0,1,1,0
1790132432964,1401,139971,139972,0,0,1,0,0,0,0,0,1,1,0
1790132433964,1402,140071,140072,0,0,1,0,0,0,0,0,1,1,0
1790132434964,1403,140171,140172,0,0,1,0,0,0,0,0,1,1,0
1790132435965,1404,140271,140272,0,0,1,0,0,0,0,0,1,1,0
1790132436966,1405,140371,140372,0,0,1,0,0,0,0,0,1,1,0
1790132437959,1406,140470,140471,0,0,1,0,0,0,0,0,1,1,0
1790132438959,1407,140570,140571,0,0,1,0,0,0,0,0,1,1,0
1790132439959,1408,140670,140671,0,0,1,0,0,0,0,0,1,1,0
1790132440959,1409,140770,140771,0,0,1,0,0,0,0,0,1,1,0
1790132441959,1410,140870,140871,0,0,1,0,0,0,0,0,1,1,0
1790132442959,1411,140970,140971,0,0,1,0,0,0,0,0,1,1,0
1790132443959,1412,141070,141071,0,0,1,0,0,0,0,0,1,1,0
1790132444959,1413,141170,141171,0,0,1,0,0,0,0,0,1,1,0
1790132445959,1414,141270,141271,0,0,1,0,0,0,0,0,1,1,0
1790132446960,1415,141370,141371,0,0,1,0,0,0,0,0,1,1,0
1790132447960,1416,141470,141471,0,0,1,0,0,0,0,0,1,1,0
1790132448961,1417,141570,141571,0,0,1,0,0,0,0,0,1,1,0
1790132449961,1418,141670,141671,0,0,1,0,0,0,0,0,1,1,0
1790132450962,1419,141770,141771,0,0,1,0,0,0,0,0,1,1,0
1790132451962,1420,141870,141871,0,0,1,0,0,0,0,0,1,1,0
1790132452962,1421,141970,141971,0,0,1,0,0,0,0,0,1,1,0
1790132453963,1422,142070,142071,0,0,1,0,0,0,0,0,1,1,0
1790132454963,1423,142170,142171,0,0,1,0,0,0,0,0,1,1,0
1790132455964,1424,142270,142271,0,0,1,0,0,0,0,0,1,1,0
1790132456964,1425,142370,142371,0,0,1,0,0,0,0,0,1,1,0
1790132457964,1426,142470,142471,0,0,1,0,0,0,0,0,1,1,0
1790132458965,1427,142570,142571,0,0,1,0,0,0,0,0,1,1,0
1790132459965,1428,142670,142671,0,0,1,0,0,0,0,0,1,1,0
1790132460959,1429,142769,142770,0,0,1,0,0,0,0,0,1,1,0
1790132461959,1430,142869,142870,0,0,1,0,0,0,0,0,1,1,0
1790132462959,1431,142969,142970,0,0,1,0,0,0,0,0,1,1,0
1790132463959,1432,143069,143070,0,0,1,0,0,0,0,0,1,1,0
1790132464959,1433,143169,143170,0,0,1,0,0,0,0,0,1,1,0
1790132465959,1434,143269,143270,0,0,1,0,0,0,0,0,1,1,0
1790132466959,1435,143369,143370,0,0,1,0,0,0,0,0,1,1,0
1790132467959,1436,143469,143470,0,0,1,0,0,0,0,0,1,1,0
1790132468959,1437,143569,143570,0,0,1,0,0,0,0,0,1,1,0
1790132469960,1438,143669,143670,0,0,1,0,0,0,0,0,1,1,0
1790132470960,1439,143769,143770,0,0,1,0,0,0,0,0,1,1,0
1790132471960,1440,143869,143870,0,0,1,0,0,0,0,0,1,1,0
1790132472961,1441,143969,143970,0,0,1,0,0,0,0,0,1,1,0
1790132473961,1442,144069,144070,0,0,1,0,0,0,0,0,1,1,0
1790132474962,1443,144169,144170,0,0,1,0,0,0,0,0,1,1,0
1790132475962,1444,144269,144270,0,0,1,0,0,0,0,0,1,1,0
1790132476963,1445,144369,144370,0,0,1,0,0,0,0,0,1,1,0
1790132477962,1446,144469,144470,0,0,1,0,0,0,0,0,1,1,0
1790132478963,1447,144569,144570,0,0,1,0,0,0,0,0,1,1,0
1790132479963,1448,144669,144670,0,0,1,0,0,0,0,0,1,1,0
1790132480964,1449,144769,144770,0,0,1,0,0,0,0,0,1,1,0
1790132481964,1450,144869,144870,0,0,1,0,0,0,0,0,1,1,0
1790132482965,1451,144969,144970,0,0,1,0,0,0,0,0,1,1,0
1790132483959,1452,145068,145069,0,0,1,0,0,0,0,0,1,1,0
1790132484959,1453,145168,145169,0,0,1,0,0,0,0,0,1,1,0
1790132485959,1454,145268,145269,0,0,1,0,0,0,0,0,1,1,0
1790132486959,1455,145368,145369,0,0,1,0,0,0,0,0,1,1,0
1790132487959,1456,145468,145469,0,0,1,0,0,0,0,0,1,1,0
1790132488959,1457,145568,145569,0,0,1,0,0,0,0,0,1,1,0
1790132489959,1458,145668,145669,0,0,1,0,0,0,0,0,1,1,0
1790132490959,1459,145768,145769,0,0,1,0,0,0,0,0,1,1,0
1790132491960,1460,145868,145869,0,0,1,0,0,0,0,0,1,1,0
1790132492959,1461,145968,145969,0,0,1,0,0,0,0,0,1,1,0
1790132493959,1462,146068,146069,0,0,1,0,0,0,0,0,1,1,0
1790132494959,1463,146168,146169,0,0,1,0,0,0,0,0,1,1,0
1790132495959,1464,146268,146269,0,0,1,0,0,0,0,0,1,2,1000
1790132496960,1465,146368,146369,0,0,1,0,0,0,0,0,1,2,2000
1790132497960,1466,146468,146469,0,0,1,0,0,0,0,0,1,2,3000
1790132498960,1467,146568,146569,0,0,1,0,0,0,0,0,1,2,4000
1790132499961,1468,146668,146669,0,0,1,0,0,0,0,0,1,2,5000
1790132500961,1469,146768,146769,0,0,1,0,0,0,0,0,1,2,6000
1790132501962,1470,146868,146869,0,0,1,0,0,0,0,0,1,1,0
1790132502962,1471,146968,146969,0,0,1,0,0,0,0,0,1,1,0
1790132503963,1472,147068,147069,0,0,1,0,0,0,0,0,1,2,1000
1790132504963,1473,147168,147169,0,0,1,0,0,0,0,0,1,2,2000
1790132505964,1474,147268,147269,0,0,1,0,0,0,0,0,1,2,3000
1790132506959,1475,147367,147368,0,0,1,0,0,0,0,0,1,2,4000
1790132507959,1476,147467,147468,0,0,1,0,0,0,0,0,1,2,5000
1790132508959,1477,147567,147568,0,0,1,0,0,0,0,0,1,2,6000
1790132509959,1478,147667,147668,0,0,1,0,0,0,0,0,1,1,0
1790132510959,1479,147767,147768,0,0,1,0,0,0,0,0,1,1,0
1790132511959,1480,147867,147868,0,0,1,0,0,0,0,0,1,2,1000
1790132512959,1481,147967,147968,0,0,1,0,0,0,0,0,1,2,2000
1790132513959,1482,148067,148068,0,0,1,0,0,0,0,0,1,2,3000
1790132514959,1483,148167,148168,0,0,1,0,0,0,0,0,1,2,4000
1790132515959,1484,148267,148268,0,0,1,0,0,0,0,0,1,2,5000
1790132516959,1485,148367,148368,0,0,1,0,0,0,0,0,1,1,0
1790132517959,1486,148467,148468,0,0,1,0,0,0,0,0,1,2,1000
1790132518959,1487,148567,148568,0,0,1,0,0,0,0,0,1,2,2000
1790132519960,1488,148667,148668,0,0,1,0,0,0,0,0,1,2,3000
1790132520960,1489,148767,148768,0,0,1,0,0,0,0,0,1,2,4000
1790132521961,1490,148867,148868,0,0,1,0,0,0,0,0,1,2,5000
1790132522961,1491,148967,148968,0,0,1,0,0,0,0,0,1,2,6000
1790132523961,1492,149067,149068,0,0,1,0,0,0,0,0,1,2,7000
1790132524962,1493,149167,149168,0,0,1,0,0,0,0,0,1,2,8000
1790132525962,1494,149267,149268,0,0,1,0,0,0,0,0,1,2,9000
1790132526963,1495,149367,149368,0,0,1,0,0,0,0,0,1,2,10000
1790132527963,1496,149467,149468,0,0,1,0,0,0,0,0,1,2,11000
1790132528965,1497,149567,149568,0,0,1,0,0,0,0,0,1,2,12000
1790132529964,1498,149667,149668,0,0,1,0,0,0,0,0,1,2,13000
1790132530959,1499,149766,149767,0,0,1,0,0,0,0,0,1,2,14000
1790132531959,1500,149866,149867,0,0,1,0,0,0,0,0,1,2,15001
1790132532959,1501,149966,149967,0,0,1,0,0,0,0,0,1,2,16001
1790132533959,1502,150066,150067,0,0,1,0,0,0,0,0,1,2,17001
1790132534959,1503,150166,150167,0,0,1,0,0,0,0,0,1,2,18001
1790132535959,1504,150266,150267,0,0,1,0,0,0,0,0,1,2,19001
1790132536959,1505,150366,150367,0,0,1,0,0,0,0,0,1,2,20001
1790132537959,1506,150466,150467,0,0,1,0,0,0,0,0,1,2,21001
1790132538959,1507,150566,150567,0,0,1,0,0,0,0,0,1,2,22001
1790132539959,1508,150666,150667,0,0,1,0,0,0,0,0,1,2,23001
1790132540959,1509,150766,150767,0,0,1,0,0,0,0,0,1,2,24001
1790132541959,1510,150866,150867,0,0,1,0,0,0,0,0,1,2,25001
1790132542959,1511,150966,150967,0,0,1,0,0,0,0,0,1,2,26001
1790132543960,1512,151066,151067,0,0,1,0,0,0,0,0,1,2,27001
1790132544960,1513,151166,151167,0,0,1,0,0,0,0,0,1,2,28001
1790132545961,1514,151266,151267,0,0,1,0,0,0,0,0,1,2,29002
1790132546961,1515,151366,151367,0,0,1,0,0,0,0,0,1,2,30002
1790132547962,1516,151466,151467,0,0,1,0,0,0,0,0,1,2,31002
1790132548962,1517,151566,151567,0,0,1,0,0,0,0,0,1,2,32002
1790132549962,1518,151666,151667,0,0,1,0,0,0,0,0,1,2,33002
1790132550963,1519,151766,151767,0,0,1,0,0,0,0,0,1,2,34002
1790132551963,1520,151866,151867,0,0,1,0,0,0,0,0,1,2,35002
1790132552964,1521,151966,151967,0,0,1,0,0,0,0,0,1,2,36002
1790132553959,1522,152065,152066,0,0,1,0,0,0,0,0,1,2,37002
1790132554959,1523,152165,152166,0,0,1,0,0,0,0,0,1,2,38002
1790132555959,1524,152265,152266,0,0,1,0,0,0,0,0,1,2,39002
1790132556959,1525,152365,152366,0,0,1,0,0,0,0,0,1,2,40002
1790132557959,1526,152465,152466,0,0,1,0,0,0,0,0,1,2,41002
1790132558959,1527,152565,152566,0,0,1,0,0,0,0,0,1,2,42002
1790132559959,1528,152665,152666,0,0,1,0,0,0,0,0,1,2,43003
1790132560959,1529,152765,152766,0,0,1,0,0,0,0,0,1,2,44003
1790132561959,1530,152865,152866,0,0,1,0,0,0,0,0,1,2,45003
1790132562959,1531,152965,152966,0,0,1,0,0,0,0,0,1,2,46003
1790132563959,1532,153065,153066,0,0,1,0,0,0,0,0,1,2,47003
1790132564959,1533,153165,153166,0,0,1,0,0,0,0,0,1,2,48003
1790132565959,1534,153265,153266,0,0,1,0,0,0,0,0,1,2,49003
1790132566959,1535,153365,153365,0,0,1,0,0,0,0,0,0,2,50003
1790132567960,1536,153465,153465,0,0,1,0,0,0,0,0,0,2,51003
1790132568960,1537,153565,153565,0,0,1,0,0,0,0,0,0,2,52003
1790132569960,1538,153665,153665,0,0,1,0,0,0,0,0,0,2,53003
1790132570961,1539,153765,153765,0,0,1,0,0,0,0,0,0,2,54003
1790132571961,1540,153865,153865,0,0,1,0,0,0,0,0,0,2,55003
1790132572962,1541,153965,153965,0,0,1,0,0,0,0,0,0,2,56003
1790132573962,1542,154065,154065,0,0,1,0,0,0,0,0,0,2,57003
1790132574963,1543,154165,154166,0,0,1,0,0,0,0,0,1,2,58004
1790132575963,1544,154265,154266,0,0,1,0,0,0,0,0,1,2,59004
1790132576960,1545,154364,154365,0,0,1,0,0,0,0,0,1,2,60004
1790132577960,1546,154464,154465,0,0,1,0,0,0,0,0,1,2,61004
1790132578960,1547,154564,154565,0,0,1,0,0,0,0,0,1,2,62004
1790132579960,1548,154664,154665,0,0,1,0,0,0,0,0,1,2,63004
1790132580960,1549,154764,154765,0,0,1,0,0,0,0,0,1,2,64004
1790132581960,1550,154864,154865,0,0,1,0,0,0,0,0,1,2,65004
1790132582960,1551,154964,154965,0,0,1,0,0,0,0,0,1,2,66004
1790132583960,1552,155064,155065,0,0,1,0,0,0,0,0,1,2,67004
1790132584960,1553,155164,155165,0,0,1,0,0,0,0,0,1,2,68004
1790132585960,1554,155264,155265,0,0,1,0,0,0,0,0,1,2,69004
1790132586960,1555,155364,155365,0,0,1,0,0,0,0,0,1,2,70004
1790132587960,1556,155464,155465,0,0,1,0,0,0,0,0,1,2,71004
1790132588960,1557,155564,155565,0,0,1,0,0,0,0,0,1,2,72005
1790132589960,1558,155664,155665,0,0,1,0,0,0,0,0,1,2,73005
1790132590960,1559,155764,155764,0,0,1,0,0,0,0,0,0,2,74005
1790132591960,1560,155864,155864,0,0,1,0,0,0,0,0,0,2,75005
1790132592961,1561,155964,155965,0,0,1,0,0,0,0,0,1,2,76005
1790132593961,1562,156064,156065,0,0,1,0,0,0,0,0,1,2,77005
1790132594962,1563,156164,156165,0,0,1,0,0,0,0,0,1,2,78005
1790132595962,1564,156264,156265,0,0,1,0,0,0,0,0,1,2,79005
1790132596963,1565,156364,156364,0,0,1,0,0,0,0,0,0,2,80005
1790132597963,1566,156464,156465,0,0,1,0,0,0,0,0,1,2,81005
1790132598960,1567,156563,156564,0,0,1,0,0,0,0,0,1,2,82005
1790132599960,1568,156663,156664,0,0,1,0,0,0,0,0,1,2,83005
1790132600960,1569,156763,156764,0,0,1,0,0,0,0,0,1,2,84005
1790132601960,1570,156863,156864,0,0,1,0,0,0,0,0,1,2,85005
1790132602960,1571,156963,156964,0,0,1,0,0,0,0,0,1,2,86006
1790132603960,1572,157063,157064,0,0,1,0,0,0,0,0,1,2,87006
1790132604959,1573,157163,157164,0,0,1,0,0,0,0,0,1,2,88006
1790132605959,1574,157263,157264,0,0,1,0,0,0,0,0,1,2,89006
1790132606959,1575,157363,157364,0,0,1,0,0,0,0,0,1,2,90006
1790132607959,1576,157463,157464,0,0,1,0,0,0,0,0,1,2,91006
1790132608959,1577,157563,157564,0,0,1,0,0,0,0,0,1,2,92006
1790132609960,1578,157663,157664,0,0,1,0,0,0,0,0,1,2,93006
1790132610960,1579,157763,157764,0,0,1,0,0,0,0,0,1,2,94006
1790132611960,1580,157863,157864,0,0,1,0,0,0,0,0,1,2,95006
1790132612960,1581,157963,157964,0,0,1,0,0,0,0,0,1,2,96006
1790132613960,1582,158063,158063,0,0,1,0,0,0,0,0,0,2,97006
1790132614960,1583,158163,158163,0,0,1,0,0,0,0,0,0,2,98006
1790132615961,1584,158263,158263,0,0,1,0,0,0,0,0,0,2,99006
1790132616961,1585,158363,158363,0,0,1,0,0,0,0,0,0,2,100007
1790132617962,1586,158463,158463,0,0,1,0,0,0,0,0,0,2,101007
1790132618962,1587,158563,158563,0,0,1,0,0,0,0,0,0,2,102007
1790132619963,1588,158663,158663,0,0,1,0,0,0,0,0,0,2,103007
1790132620963,1589,158763,158763,0,0,1,0,0,0,0,0,0,2,104007
1790132621960,1590,158862,158863,0,0,1,0,0,0,0,0,1,2,105007
1790132622960,1591,158962,158963,0,0,1,0,0,0,0,0,1,2,106007
1790132623960,1592,159062,159063,0,0,1,0,0,0,0,0,1,2,107007
1790132624960,1593,159162,159163,0,0,1,0,0,0,0,0,1,2,108007
1790132625960,1594,159262,159263,0,0,1,0,0,0,0,0,1,2,109007
1790132626960,1595,159362,159363,0,0,1,0,0,0,0,0,1,2,110007
1790132627960,1596,159462,159463,0,0,1,0,0,0,0,0,1,2,111007
1790132628960,1597,159562,159563,0,0,1,0,0,0,0,0,1,2,112007
1790132629960,1598,159662,159663,0,0,1,0,0,0,0,0,1,2,113007
1790132630960,1599,159762,159763,0,0,1,0,0,0,0,0,1,2,114007
1790132631960,1600,159862,159863,0,0,1,0,0,0,0,0,1,2,115008
1790132632960,1601,159962,159963,0,0,1,0,0,0,0,0,1,2,116008
1790132633960,1602,160062,160063,0,0,1,0,0,0,0,0,1,2,117008
1790132634960,1603,160162,160163,0,0,1,0,0,0,0,0,1,1,0
1790132635960,1604,160262,160262,0,0,1,0,0,0,0,0,0,1,0
1790132636960,1605,160362,160362,0,0,1,0,0,0,0,0,0,2,1000
1790132637960,1606,160462,160462,0,0,1,0,0,0,0,0,0,2,2000
1790132638961,1607,160562,160562,0,0,1,0,0,0,0,0,0,2,3000
1790132639961,1608,160662,160662,0,0,1,0,0,0,0,0,0,2,4000
1790132640962,1609,160762,160762,0,0,1,0,0,0,0,0,0,2,5000
1790132641962,1610,160862,160862,0,0,1,0,0,0,0,0,0,2,6000
1790132642963,1611,160962,160962,0,0,1,0,0,0,0,0,0,2,7000
1790132643963,1612,161062,161062,0,0,1,0,0,0,0,0,0,2,8000
1790132644960,1613,161161,161162,0,0,1,0,0,0,0,0,1,2,9000
1790132645960,1614,161261,161262,0,0,1,0,0,0,0,0,1,2,10000
1790132646960,1615,161361,161362,0,0,1,0,0,0,0,0,1,2,11000
1790132647960,1616,161461,161462,0,0,1,0,0,0,0,0,1,2,12000
1790132648960,1617,161561,161562,0,0,1,0,0,0,0,0,1,2,13000
1790132649960,1618,161661,161662,0,0,1,0,0,0,0,0,1,2,14000
1790132650960,1619,161761,161762,0,0,1,0,0,0,0,0,1,2,15001
1790132651960,1620,161861,161862,0,0,1,0,0,0,0,0,1,2,16001
1790132652960,1621,161961,161962,0,0,1,0,0,0,0,0,1,2,17001
1790132653959,1622,162061,162062,0,0,1,0,0,0,0,0,1,2,18001
1790132654959,1623,162161,162162,0,0,1,0,0,0,0,0,1,2,19001
1790132655959,1624,162261,162262,0,0,1,0,0,0,0,0,1,2,20001
1790132656959,1625,162361,162362,0,0,1,0,0,0,0,0,1,2,21001
1790132657959,1626,162461,162462,0,0,1,0,0,0,0,0,1,2,22001
1790132658959,1627,162561,162561,0,0,1,0,0,0,0,0,0,2,23001
1790132659960,1628,162661,162661,0,0,1,0,0,0,0,0,0,2,24001
1790132660960,1629,162761,162761,0,0,1,0,0,0,0,0,0,2,25001
1790132661961,1630,162861,162861,0,0,1,0,0,0,0,0,0,2,26001
1790132662962,1631,162961,162961,0,0,1,0,0,0,0,0,0,2,27001
1790132663962,1632,163061,163061,0,0,1,0,0,0,0,0,0,2,28001
1790132664962,1633,163161,163161,0,0,1,0,0,0,0,0,0,2,29002
1790132665963,1634,163261,163261,0,0,1,0,0,0,0,0,0,2,30002
1790132666963,1635,163361,163361,0,0,1,0,0,0,0,0,0,2,31002
1790132667960,1636,163460,163461,0,0,1,0,0,0,0,0,1,2,32002
1790132668960,1637,163560,163561,0,0,1,0,0,0,0,0,1,2,33002
1790132669960,1638,163660,163661,0,0,1,0,0,0,0,0,1,2,34002
1790132670960,1639,163760,163761,0,0,1,0,0,0,0,0,1,2,35002
1790132671960,1640,163860,163861,0,0,1,0,0,0,0,0,1,2,36002
1790132672960,1641,163960,163961,0,0,1,0,0,0,0,0,1,2,37002
1790132673960,1642,164060,164061,0,0,1,0,0,0,0,0,1,2,38002
1790132674960,1643,164160,164161,0,0,1,0,0,0,0,0,1,2,39002
1790132675960,1644,164260,164261,0,0,1,0,0,0,0,0,1,2,40002
1790132676960,1645,164360,164361,0,0,1,0,0,0,0,0,1,1,0
1790132677960,1646,164460,164461,0,0,1,0,0,0,0,0,1,1,0
1790132678960,1647,164560,164561,0,0,1,0,0,0,0,0,1,2,1000
1790132679960,1648,164660,164661,0,0,1,0,0,0,0,0,1,1,0
1790132680960,1649,164760,164761,0,0,1,0,0,0,0,0,1,1,0
1790132681960,1650,164860,164860,0,0,1,0,0,0,0,0,0,2,1000
1790132682960,1651,164960,164960,0,0,1,0,0,0,0,0,0,2,2000
1790132683961,1652,165060,165060,0,0,1,0,0,0,0,0,0,2,3000
1790132684961,1653,165160,165160,0,0,1,0,0,0,0,0,0,2,4000
1790132685962,1654,165260,165260,0,0,1,0,0,0,0,0,0,2,5000
1790132686962,1655,165360,165360,0,0,1,0,0,0,0,0,0,2,6000
1790132687963,1656,165460,165460,0,0,1,0,0,0,0,0,0,2,7000
1790132688963,1657,165560,165561,0,0,1,0,0,0,0,0,1,2,8000
1790132689960,1658,165659,165660,0,0,1,0,0,0,0,0,1,2,9000
1790132690960,1659,165759,165760,0,0,1,0,0,0,0,0,1,1,0
1790132691960,1660,165859,165860,0,0,1,0,0,0,0,0,1,1,0
1790132692960,1661,165959,165960,0,0,1,0,0,0,0,0,1,2,1000
1790132693960,1662,166059,166060,0,0,1,0,0,0,0,0,1,2,2000
1790132694960,1663,166159,166160,0,0,1,0,0,0,0,0,1,2,3000
1790132695960,1664,166259,166260,0,0,1,0,0,0,0,0,1,1,0
1790132696960,1665,166359,166360,0,0,1,0,0,0,0,0,1,1,0
1790132697960,1666,166459,166460,0,0,1,0,0,0,0,0,1,1,0
1790132698960,1667,166559,166560,0,0,1,0,0,0,0,0,1,1,0
1790132699960,1668,166659,166660,0,0,1,0,0,0,0,0,1,1,0
1790132700960,1669,166759,166760,0,0,1,0,0,0,0,0,1,1,0
1790132701960,1670,166859,166860,0,0,1,0,0,0,0,0,1,2,1000
1790132702960,1671,166959,166960,0,0,1,0,0,0,0,0,1,2,2000
1790132703960,1672,167059,167060,0,0,1,0,0,0,0,0,1,2,3000
1790132704960,1673,167159,167159,0,0,1,0,0,0,0,0,0,2,4000
1790132705961,1674,167259,167259,0,0,1,0,0,0,0,0,0,2,5000
1790132706961,1675,167359,167359,0,0,1,0,0,0,0,0,0,2,6000
1790132707961,1676,167459,167459,0,0,1,0,0,0,0,0,0,2,7000
1790132708962,1677,167559,167559,0,0,1,0,0,0,0,0,0,1,0
1790132709962,1678,167659,167659,0,0,1,0,0,0,0,0,0,1,0
1790132710963,1679,167759,167759,0,0,1,0,0,0,0,0,0,1,0
1790132711963,1680,167859,167859,0,0,1,0,0,0,0,0,0,1,0
1790132712960,1681,167958,167959,0,0,1,0,0,0,0,0,1,1,0
1790132713960,1682,168058,168059,0,0,1,0,0,0,0,0,1,1,0
1790132714960,1683,168158,168159,0,0,1,0,0,0,0,0,1,2,1000
1790132715960,1684,168258,168259,0,0,1,0,0,0,0,0,1,2,2000
1790132716960,1685,168358,168359,0,0,1,0,0,0,0,0,1,2,3000
1790132717960,1686,168458,168459,0,0,1,0,0,0,0,0,1,2,4000
1790132718960,1687,168558,168559,0,0,1,0,0,0,0,0,1,2,5000
1790132719960,1688,168658,168659,0,0,1,0,0,0,0,0,1,2,6000
1790132720960,1689,168758,168759,0,0,1,0,0,0,0,0,1,2,7000
1790132721960,1690,168858,168859,0,0,1,0,0,0,0,0,1,2,8000
1790132722960,1691,168958,168959,0,0,1,0,0,0,0,0,1,1,0
1790132723960,1692,169058,169059,0,0,1,0,0,0,0,0,1,1,0
1790132724960,1693,169158,169159,0,0,1,0,0,0,0,0,1,1,0
1790132725960,1694,169258,169259,0,0,1,0,0,0,0,0,1,1,0
1790132726960,1695,169358,169358,0,0,1,0,0,0,0,0,0,1,0
1790132727960,1696,169458,169458,0,0,1,0,0,0,0,0,0,1,0
1790132728961,1697,169558,169558,0,0,1,0,0,0,0,0,0,1,0
1790132729961,1698,169658,169658,0,0,1,0,0,0,0,0,0,2,1000
1790132730962,1699,169758,169758,0,0,1,0,0,0,0,0,0,2,2000
1790132731962,1700,169858,169858,0,0,1,0,0,0,0,0,0,2,3000
1790132732963,1701,169958,169958,0,0,1,0,0,0,0,0,0,2,4000
1790132733963,1702,170058,170058,0,0,1,0,0,0,0,0,0,2,5000
1790132734964,1703,170158,170158,0,0,1,0,0,0,0,0,0,2,6000
1790132735960,1704,170257,170258,0,0,1,0,0,0,0,0,1,2,7000
1790132736960,1705,170357,170358,0,0,1,0,0,0,0,0,1,2,8000
1790132737960,1706,170457,170458,0,0,1,0,0,0,0,0,1,2,9000
1790132738960,1707,170557,170558,0,0,1,0,0,0,0,0,1,2,10000
1790132739960,1708,170657,170658,0,0,1,0,0,0,0,0,1,2,11000
1790132740960,1709,170757,170758,0,0,1,0,0,0,0,0,1,2,12000
1790132741960,1710,170857,170858,0,0,1,0,0,0,0,0,1,2,13000
1790132742960,1711,170957,170958,0,0,1,0,0,0,0,0,1,2,14000
1790132743960,1712,171057,171058,0,0,1,0,0,0,0,0,1,2,15001
1790132744960,1713,171157,171158,0,0,1,0,0,0,0,0,1,2,16001
1790132745960,1714,171257,171258,0,0,1,0,0,0,0,0,1,2,17001
1790132746960,1715,171357,171358,0,0,1,0,0,0,0,0,1,2,18001
1790132747960,1716,171457,171458,0,0,1,0,0,0,0,0,1,2,19001
1790132748960,1717,171557,171558,0,0,1,0,0,0,0,0,1,2,20001
1790132749960,1718,171657,171658,0,0,1,0,0,0,0,0,1,2,21001
1790132750961,1719,171757,171757,0,0,1,0,0,0,0,0,0,2,22001
1790132751961,1720,171857,171858,0,0,1,0,0,0,0,0,1,2,23001
1790132752962,1721,171957,171958,0,0,1,0,0,0,0,0,1,2,24001
1790132753962,1722,172057,172058,0,0,1,0,0,0,0,0,1,2,25001
1790132754962,1723,172157,172158,0,0,1,0,0,0,0,0,1,2,26001
1790132755963,1724,172257,172257,0,0,1,0,0,0,0,0,0,2,27001
1790132756963,1725,172357,172358,0,0,1,0,0,0,0,0,1,2,28001
1790132757960,1726,172456,172457,0,0,1,0,0,0,0,0,1,2,29002
1790132758960,1727,172556,172557,0,0,1,0,0,0,0,0,1,2,30002
1790132759960,1728,172656,172657,0,0,1,0,0,0,0,0,1,2,31002
1790132760960,1729,172756,172757,0,0,1,0,0,0,0,0,1,2,32002
1790132761960,1730,172856,172857,0,0,1,0,0,0,0,0,1,2,33002
1790132762960,1731,172956,172957,0,0,1,0,0,0,0,0,1,2,34002
1790132763960,1732,173056,173057,0,0,1,0,0,0,0,0,1,2,35002
1790132764960,1733,173156,173157,0,0,1,0,0,0,0,0,1,2,36002
1790132765960,1734,173256,173257,0,0,1,0,0,0,0,0,1,2,37002
1790132766960,1735,173356,173357,0,0,1,0,0,0,0,0,1,2,38002
