Position,File,Orientation,SamplesUsed,FileDuration_s,SampleRate_Hz,Temperature_C,TemperatureStd_C,OrientationErrorRaw_deg,OrientationErrorTC_deg,OrientationOK,CompAx_mg,CompAy_mg,CompAz_mg,CompGx_deg_h,CompGy_deg_h,CompGz_deg_h,AxRawMean_m_s2,AyRawMean_m_s2,AzRawMean_m_s2,AxTC_m_s2,AyTC_m_s2,AzTC_m_s2,AxCal_m_s2,AyCal_m_s2,AzCal_m_s2,CalNorm_m_s2,CalNormError_mg,GxRawMean_deg_h,GyRawMean_deg_h,GzRawMean_deg_h,GxTC_deg_h,GyTC_deg_h,GzTC_deg_h
1,01.csv,X+ R0,7160,91.6369199999999,99.9487979299174,30.1133503121919,0.0223599353872189,1.6061520098054,1.79330251398206,1,0,0,-3.40600597215036,1148.50094315438,-58.4270074406665,0,9.98615142403456,0.060695854363468,0.273354129112713,9.98615142403456,0.060695854363468,0.30671103204093,9.79642247751441,-0.0234044634342267,-0.0338786905931269,9.79650901558992,0.301745192841133,-33852.9651584297,-2398.61955733719,5049.24602328457,-35001.4661015836,-2340.19254989653,5049.24602328457
2,02.csv,X+ R90,8226,102.302534,99.9486483883186,30.1760562634973,0.0300314864298043,1.88010025217336,2.0640727404655,1,0,0,-3.33676210448588,1175.98565191809,-59.3959465723713,0,9.98631219067433,0.0641712113944102,0.321465521873142,9.98631219067433,0.0641712113944102,0.354144281254065,9.79650594524327,-0.0201159510088956,0.0125902764918252,9.79653468843621,0.30436659531249,-33844.1812684792,-2419.93084671021,5034.26261546427,-35020.1669203966,-2360.53490013784,5034.26261546427
3,03.csv,X+ R180,6694,86.9748789999999,99.9484000431896,30.2757073059281,0.0171166109302292,1.8942737278957,2.06630446663996,1,0,0,-3.22685867450777,1218.67120922693,-61.1802715001625,0,9.98572315791722,0.107839220578684,0.312159152739576,9.98572315791722,0.107839220578684,0.343761566959853,9.79604007400396,0.0233822776647147,0.00254653252975445,9.79606831066567,0.256745703315288,-33813.5059994488,-2449.04471818217,5040.19048618221,-35032.1772086751,-2387.86444668201,5040.19048618221
4,04.csv,X+ R270,6825,88.285758,99.9481705758249,30.3625283344107,0.0192492384164591,1.6144845382274,1.77898667504336,1,0,0,-3.13253829635562,1254.64365903784,-63.0997601204624,0,9.98547827167842,0.104508217961238,0.26132334011919,9.98547827167842,0.104508217961238,0.292002022636147,9.79588042445303,0.0202531136861196,-0.0481596069418665,9.79601974408672,0.251786668049562,-33777.0093113001,-2467.26281352235,5051.24603640633,-35031.6529703373,-2404.16305340189,5051.24603640633
5,05.csv,X- R0,6513,85.1639180000002,99.9484312123825,30.261165722853,0.0224581985346426,2.14471192915685,2.33499201877327,1,0,0,-3.2428444083663,1212.51986613073,-60.8986727774989,0,-9.53386044156898,0.0205648431558608,0.356448213815009,-9.53386044156898,0.0205648431558608,0.388207185180786,-9.78992438521614,-0.0207606156036679,-0.00186355384564592,9.78994657514753,-0.368332343636513,-33872.6657079272,-2383.3038561749,5062.94422312156,-35085.1855740569,-2322.40518339741,5062.94422312156
6,06.csv,X- R90,6989,89.9262149999995,99.9486078670169,30.1936799003476,0.0176564401684691,1.89625866142352,2.09096787264261,1,0,0,-3.31727485539396,1183.66565584815,-59.6776041513265,0,-9.53493089228631,0.017615829442011,0.315191047587021,-9.53493089228631,0.017615829442011,0.347678957544422,-9.79093189915267,-0.023548032220453,-0.0415700934430358,9.79104846460968,-0.25582063663493,-33905.9612761173,-2373.10626622642,5062.55959473938,-35089.6269319646,-2313.4286620751,5062.55959473938
7,07.csv,X- R180,8306,103.102930999999,99.9486619832375,30.1750475205734,0.0107018850058551,1.97756589395068,2.17006243525679,1,0,0,-3.33787805754889,1175.59877256226,-59.3672466260659,0,-9.53535057479745,0.0664114241021585,0.322476278374955,-9.53535057479745,0.0664114241021585,0.355165966902304,-9.79124788120002,0.0249889414864687,-0.034096017887159,9.79133913500785,-0.22614086947452,-33918.3189564068,-2383.34911027253,5050.29823010314,-35093.9177289682,-2323.98186364647,5050.29823010314
8,08.csv,X- R270,6603,86.0642050000006,99.9486371831349,30.1824365039063,0.0142521642002743,2.24161608784895,2.43481166537064,1,0,0,-3.32970624139035,1178.80271808979,-59.4890899441533,0,-9.53548372797928,0.0609946713415361,0.368235322155072,-9.53548372797928,0.0609946713415361,0.400844979560756,-9.7914777755565,0.0194346832453642,0.0106281766624269,9.79150283124449,-0.209426177441635,-33910.5389292175,-2375.65714404624,5028.71213986702,-35089.3416473066,-2316.1680541021,5028.71213986702
9,09.csv,Y+ R0,6603,86.0641059999998,99.948752154586,30.1444359515728,0.0135728296297264,2.29189271099982,2.45458138237216,1,0,0,-3.37171968876301,1162.22114465533,-58.8866915114105,0,0.214018168650073,9.90316265115701,0.333599168545511,0.214018168650073,9.90316265115701,0.36662028691079,0.0150461194267783,9.79337001458024,0.029558424476674,9.79342617926161,-0.0130369968598709,-33907.7296579286,-2318.72674114125,5107.4841068078,-35069.9508025834,-2259.84004962985,5107.4841068078
10,10.csv,Y+ R90,6586,85.8943259999996,99.9483947286581,30.2906924670871,0.0445591776929933,2.13499599265837,2.29711128917195,1,0,0,-3.21061474258114,1224.83742112838,-61.5235914045061,0,0.172762952576703,9.90237298881655,0.326239422041184,0.172762952576703,9.90237298881655,0.357682750439274,-0.0263344353727934,9.79270675105852,0.0207014722674233,9.79276404115138,-0.0806465816786437,-33845.906769623,-2332.06825489182,5115.74818664619,-35070.7441907507,-2270.54466348732,5115.74818664619
11,11.csv,Y+ R180,6658,86.614791,99.9482871233852,30.3210655911509,0.0268285080334906,1.89633038829485,2.05103796123436,1,0,0,-3.17738684413734,1237.57777429601,-62.1459182822107,0,0.173800413365133,9.90238084804161,0.278003923229471,0.173800413365133,9.90238084804161,0.309121832414571,-0.025205090783004,9.79288624992504,-0.0268589286121332,9.79295551928111,-0.0610951366658435,-33849.6864244136,-2330.63593358388,5128.32774209525,-35087.2641987089,-2268.49001530167,5128.32774209525
12,12.csv,Y+ R270,6683,86.8651490000002,99.9480240343567,30.4356253355749,0.0457246590492513,2.07752721192663,2.21597922321933,1,0,0,-3.05549583043784,1283.87768599637,-65.0886833904736,0,0.222146303760986,9.90306614523362,0.28231911525929,0.222146303760986,9.90306614523362,0.312243278236943,0.0233004731657827,9.79345090601288,-0.0236815228055494,9.79350725608843,-0.00475840586037123,-33816.3219196944,-2345.94008039082,5109.58761720806,-35100.1996056902,-2280.85139700036,5109.58761720806
13,13.csv,Y- R0,7646,96.4995980000003,99.9486028946977,30.1948759058947,0.0755507750343477,2.48753072249253,2.63833313718959,1,0,0,-3.31604300759754,1183.82081182746,-59.7889416073744,0,0.265865980220458,-9.77789186796108,0.331290374422187,0.265865980220458,-9.77789186796108,0.363766220211848,0.0191811282378188,-9.79392257006946,-0.0303658305058352,9.79398842698207,0.0443729820531755,-33887.2653066124,-2350.43778815645,4948.83998618247,-35071.0861184389,-2290.64884654908,4948.83998618247
14,14.csv,Y- R90,6552,85.5535380000001,99.949110228498,29.9887077138548,0.0259666112194835,2.36894427738253,2.54212353200918,1,0,0,-3.54175120241358,1092.43695512603,-56.7472795411406,0,0.218226438590808,-9.77821684550099,0.340607160004185,0.218226438590808,-9.77821684550099,0.375293491155922,-0.0286414706183889,-9.79418265140113,-0.0191927866504996,9.79424333503642,0.0704011285316284,-33938.8432178516,-2361.43779884237,4929.51094706819,-35031.2801729769,-2304.69051930124,4929.51094706819
15,15.csv,Y- R180,6648,86.5141139999996,99.9490094760728,30.0267871805764,0.0138385403089297,2.61223993754865,2.78818540326364,1,0,0,-3.50076199524946,1109.76655191849,-57.2366083837447,0,0.22083989344481,-9.77726952983797,0.387574178659413,0.22083989344481,-9.77726952983797,0.421859079803202,-0.0261015839088452,-9.79341240240087,0.0264249885583203,9.79348283585579,-0.00725190648237638,-33950.2328657653,-2362.12693251026,4919.26585278474,-35059.9994176831,-2304.89032412652,4919.26585278474
16,16.csv,Y- R270,6949,89.5256920000002,99.9489621370364,30.0487674062285,0.0128133313341587,2.7457922482747,2.91103139149731,1,0,0,-3.47686218100794,1119.68802082213,-57.5264730761382,0,0.269142513780296,-9.77826859810687,0.384043865665528,0.269142513780296,-9.77826859810687,0.418094702691353,0.0223689927261789,-9.79449931689186,0.0228530739244292,9.79455152130094,0.101869405419346,-33959.361059146,-2364.38303495807,4940.20975064784,-35079.0490799671,-2306.85656188194,4940.20975064784
17,17.csv,Z+ R0,6982,89.8552460000001,99.9496456778939,29.7611106711375,0.0761988246044998,1.52746372913519,1.52203381155237,1,0,0,-3.77089627644864,986.237064453305,-53.6781916782783,0,0.265022212728447,0.0767303569005846,10.3469068168551,0.265022212728447,0.0767303569005846,10.3838372926306,0.0240849720664359,-0.0221926111073595,9.81245271446007,9.81250736923963,1.9353047649855,-34054.2314916664,-2287.73705996444,5069.31586347445,-35040.4685561191,-2234.05886828617,5069.31586347445
18,18.csv,Z+ R90,7840,98.439453,99.9497630284476,29.7228759003601,0.0598015922662911,1.23813851410982,1.23369495372638,1,0,0,-3.80709044315228,968.153701498785,-53.1113642494333,0,0.208194920779636,0.0817247299848282,10.348448521516,0.208194920779636,0.0817247299848282,10.3857334668125,-0.0329260166970643,-0.0171040301380664,9.81418561533154,9.814255751844,2.11382858072795,-34049.9941579696,-2321.82894531858,5035.12073531702,-35018.1478594673,-2268.71758106915,5035.12073531702
19,19.csv,Z+ R180,8518,105.22333,99.9493173234493,29.9057251080756,0.02648429760602,1.39493507295855,1.39016042521068,1,0,0,-3.62929582097578,1054.24389062415,-55.6948527385266,0,0.221626115240853,0.119735660884201,10.3446293335341,0.221626115240853,0.119735660884201,10.3801730376227,-0.019346732436452,0.0207160310730772,9.8088828507709,9.80892380590994,1.56939435271644,-34013.2310742056,-2335.74881391718,5041.27048423724,-35067.4749648287,-2280.05396117866,5041.27048423724
20,20.csv,Z+ R270,7649,96.5291040000002,99.9491303679767,29.9834756561796,0.0132452637032546,1.64287636714504,1.63737902090713,1,0,0,-3.54744561111765,1090.07239475204,-56.6792288715707,0,0.271546101640125,0.119383302182449,10.3422378256097,0.271546101640125,0.119383302182449,10.3769799252598,0.0307472205856523,0.0202671428579521,9.80587629379449,9.80594544334478,1.26527976791758,-33991.1303079093,-2341.11967936735,5031.66985855557,-35081.2027026605,-2284.44045049579,5031.66985855557
21,21.csv,Z- R0,7036,90.3964270000006,99.9486406691709,30.1754599036886,0.0390309248370558,1.38613566762093,1.39084580570108,1,0,0,-3.33741547318518,1175.68602570864,-59.3956111243861,0,0.224899788920374,0.0626021122831047,-9.64775306972311,0.224899788920374,0.0626021122831047,-9.61506791154063,0.020178498389969,0.0354751327947918,-9.77560060913614,9.77568580336884,-1.82447094110241,-33930.0730376827,-2330.81990548064,5057.23845522916,-35105.7590633904,-2271.42429435626,5057.23845522916
22,22.csv,Z- R90,8433,104.373705,99.9485454693785,30.209811803768,0.014340068413194,1.13779106658349,1.14161360353361,1,0,0,-3.29944247301755,1190.63079388926,-59.9511962966003,0,0.183547369215404,0.0550173800325161,-9.6479256159325,0.183547369215404,0.0550173800325161,-9.61561234837233,-0.0213313953152458,0.0280193549224024,-9.7762569510549,9.77632037556695,-1.75967605588193,-33924.4755472647,-2322.11296406429,5056.47225594108,-35115.1063411531,-2262.1617677677,5056.47225594108
23,23.csv,Z- R180,8361,103.653347,99.9485332586507,30.216723372521,0.0154185800491159,1.09803386937005,1.10171460986894,1,0,0,-3.29180891443531,1193.59882849848,-60.0726066031002,0,0.184812695678229,-0.0058410388068254,-9.64722311529845,0.184812695678229,-0.0058410388068254,-9.6149846074054,-0.020211024949674,-0.0325538375470691,-9.77581606667857,9.77589116180205,-1.80350220634144,-33923.545797419,-2317.0510850541,5050.78924231095,-35117.1446259166,-2256.97847845101,5050.78924231095
24,24.csv,Z- R270,7075,90.786967,99.948266803538,30.3193194762004,0.0491461798788283,1.35821639398309,1.36261168915931,1,0,0,-3.17950605856573,1236.72591519063,-62.1494446393425,0,0.228783142583302,-0.00244191649182862,-9.64986109354295,0.228783142583302,-0.00244191649182862,-9.61872242971723,0.0239233653935228,-0.0292541174845217,-9.7793597611134,9.779432778443,-1.4418748857198,-33881.4019906678,-2351.14288026325,5052.44895206753,-35118.1279058577,-2288.99343562392,5052.44895206753
