axis,order,resid_std,resid_improve_percent,BIC,AIC,drift_peak_to_peak,block_mean_std_after
ax,1,1.38535515413463,NaN,-1307678.03234721,-1307697.89697361,1.58532376933751,0.207158290629281
ax,2,1.38247526346043,0.207881037985114,-1308299.14484269,-1308328.9417823,1.99401738609371,0.186973803852978
ax,3,1.38229555448243,0.0129990736724594,-1308326.75906194,-1308366.48831475,1.7182255932579,0.186153427227355
ax,4,1.3822740568037,0.00155521579050522,-1308319.55784528,-1308369.21941129,1.80826014682847,0.186078265381223
ax,5,1.38226545535558,0.000622267926930764,-1308309.51851434,-1308369.11239355,1.86795443986935,0.185904527391116
ay,1,1.40417377077215,NaN,-1303573.52359686,-1303593.38822326,0.0217374919342978,0.064927041073504
ay,2,1.40417166185443,0.00015018922671084,-1303562.04816864,-1303591.84510825,0.0189711352519136,0.0649669301138232
ay,3,1.40417141299296,1.77230087827773e-05,-1303550.1697699,-1303589.89902271,0.0184152845224162,0.0648713543065982
ay,4,1.40416906921852,0.000166915122623568,-1303538.74522294,-1303588.40678895,0.0257207387883788,0.0648790175315568
ay,5,1.40415177189589,0.00123185469711462,-1303530.56030872,-1303590.15418793,0.109161330221664,0.0653045411689569
az,1,2.75161248586396,NaN,-1098922.57782444,-1098942.44245084,0.649594999148773,1.86172180350306
az,2,2.71908291976031,1.1822001197759,-1102528.3961192,-1102558.19305881,3.75053262227543,1.81594384734916
az,3,2.65203758945763,2.46573320053747,-1110111.39716201,-1110151.12641481,5.52750777241476,1.7128805565283
az,4,2.6501791938835,0.0700742546608901,-1110312.70965952,-1110362.37122553,6.27578664381209,1.71111185482253
az,5,2.63048882982076,0.742982365425782,-1112569.41253569,-1112629.0064149,3.04836516857742,1.67973060382999
gx,1,120.912991098483,NaN,1458713.29564587,1458693.43101946,1928.15438261345,72.8409100852057
gx,2,112.556810528474,6.91090386077915,1436940.08460775,1436910.28766815,2130.34424667198,58.6054610862261
gx,3,112.241275817102,0.28033373537395,1436098.02730737,1436058.29805457,2016.54831123895,58.0875825965373
gx,4,110.474537207159,1.57405428357905,1431283.50610324,1431233.84453724,1869.10890576598,55.2287730500915
gx,5,110.143091075111,0.300020385173638,1430381.38654589,1430321.79266668,2014.73027905572,54.6261384540888
gy,1,117.990441787736,NaN,1451270.10926534,1451250.24463893,306.537207248844,44.1215810456567
gy,2,116.234075074396,1.48856694383729,1446719.68991398,1446689.89297438,242.408117268953,39.1145843846172
gy,3,115.905205567218,0.28293725997971,1445869.69016679,1445829.96091398,331.748399759345,38.0551532219462
gy,4,115.749442381516,0.134388429699117,1445472.52986536,1445422.86829935,377.029667873735,37.7151942937533
gy,5,115.495494557158,0.219394425695008,1444816.31796806,1444756.72408885,286.622820193502,36.9626317255345
gz,1,149.06440861054,NaN,1522385.82606369,1522365.96143728,180.512929588704,83.2431229548221
gz,2,146.741311455017,1.55845193173706,1517619.52337409,1517589.72643448,331.659331163881,79.0852669563298
gz,3,144.747765476114,1.35854447471985,1513470.35222416,1513430.62297135,160.496313752737,75.226339610924
gz,4,144.445626462306,0.208734838022684,1512846.63699603,1512796.97543002,195.383358851235,74.7883578410509
gz,5,143.793186250548,0.451685681136305,1511481.40178511,1511421.80790589,174.219921298271,73.4846429855679
