tau_s,raw_ax_adev_rad_s_or_m_s2,raw_ay_adev_rad_s_or_m_s2,raw_az_adev_rad_s_or_m_s2,raw_gx_adev_rad_s_or_m_s2,raw_gy_adev_rad_s_or_m_s2,raw_gz_adev_rad_s_or_m_s2,raw+TC_ax_adev_rad_s_or_m_s2,raw+TC_ay_adev_rad_s_or_m_s2,raw+TC_az_adev_rad_s_or_m_s2,raw+TC_gx_adev_rad_s_or_m_s2,raw+TC_gy_adev_rad_s_or_m_s2,raw+TC_gz_adev_rad_s_or_m_s2,raw+TC+calib_ax_adev_rad_s_or_m_s2,raw+TC+calib_ay_adev_rad_s_or_m_s2,raw+TC+calib_az_adev_rad_s_or_m_s2,raw+TC+calib_gx_adev_rad_s_or_m_s2,raw+TC+calib_gy_adev_rad_s_or_m_s2,raw+TC+calib_gz_adev_rad_s_or_m_s2
1.000522949282530404e-02,1.295934141880690678e-02,1.324397528161800307e-02,1.899969030482619170e-02,3.940442185671881896e-04,4.623730802686722152e-04,5.184477013781502251e-04,1.295934141880690678e-02,1.324397528161800307e-02,1.900010321658700957e-02,3.953138939645911023e-04,4.624030867606986799e-04,5.184477013781502251e-04,1.300328190546861350e-02,1.318101066549034160e-02,1.860971816770716838e-02,3.953138939645954933e-04,4.624030867607020409e-04,5.184477013781371062e-04
2.001045898565060807e-02,9.666330686148996015e-03,9.871816642279049661e-03,1.413937639941740404e-02,3.360921902395038038e-04,3.919182956080083922e-04,4.430909137163771788e-04,9.666330686148996015e-03,9.871816642279049661e-03,1.413977466732820043e-02,3.372550431943064850e-04,3.919459159289809236e-04,4.430909137163771788e-04,9.699130588295886216e-03,9.824891427663330623e-03,1.384923091085023608e-02,3.372550431942888667e-04,3.919459159289901936e-04,4.430909137163700773e-04
3.001568847847591037e-02,8.046303980655198848e-03,8.210221556601700679e-03,1.172985786938135315e-02,2.914428503307267765e-04,3.351158328679474936e-04,3.840282805247307945e-04,8.046303980655198848e-03,8.210221556601700679e-03,1.173022367938801255e-02,2.924935069625695869e-04,3.351399702907083256e-04,3.840282805247307945e-04,8.073611305301412258e-03,8.171206995317316715e-03,1.148918326485401896e-02,2.924935069625622685e-04,3.351399702907117409e-04,3.840282805247242893e-04
4.002091797130121614e-02,7.036985198953280007e-03,7.176331380345842698e-03,1.024507844387647325e-02,2.598321831193393418e-04,2.976475318918927310e-04,3.421279790845947158e-04,7.036985198953280007e-03,7.176331380345842698e-03,1.024544894014910688e-02,2.607946792851908242e-04,2.976693663792417499e-04,3.421279790845947158e-04,7.060863124093126955e-03,7.142245784683201419e-03,1.003491075061544932e-02,2.607946792851852948e-04,2.976693663792439183e-04,3.421279790845896201e-04
5.002614746412652191e-02,6.331648662596729704e-03,6.454437127739263980e-03,9.215842184977925469e-03,2.364797249954244502e-04,2.709745219272057166e-04,3.111100807890368860e-04,6.331648662596729704e-03,6.454437127739263980e-03,9.216211206611419141e-03,2.373770786147122479e-04,2.709947913698350472e-04,3.111100807890368860e-04,6.353136892074767901e-03,6.423796152802074659e-03,9.026806209627886296e-03,2.373770786147060680e-04,2.709947913698361314e-04,3.111100807890350970e-04
6.003137695695182074e-02,5.803712377604048657e-03,5.912166672784425342e-03,8.440887209250909351e-03,2.183645423571991076e-04,2.497613711224772959e-04,2.869999531484494033e-04,5.803712377604048657e-03,5.912166672784425342e-03,8.441239367470407956e-03,2.192124969395954723e-04,2.497804304913984531e-04,2.869999531484494033e-04,5.823410858740845145e-03,5.884107751830081230e-03,8.267750788257690817e-03,2.192124969395900242e-04,2.497804304914004589e-04,2.869999531484492407e-04
7.003660644977713345e-02,5.389104832247773764e-03,5.486824564380836725e-03,7.831224189203950595e-03,2.038637331210685821e-04,2.326906651190900632e-04,2.677163086943074575e-04,5.389104832247773764e-03,5.486824564380836725e-03,7.831542373465316328e-03,2.046714965376704291e-04,2.327084839200470551e-04,2.677163086943074575e-04,5.407395658969985086e-03,5.460786195157749795e-03,7.670581390865743518e-03,2.046714965376661194e-04,2.327084839200490880e-04,2.677163086943073491e-04
8.004183594260243229e-02,5.052683058600010782e-03,5.141768889522967123e-03,7.341200993491350801e-03,1.919575223183000263e-04,2.189141701892544111e-04,2.518308822133933549e-04,5.052683058600010782e-03,5.141768889522967123e-03,7.341486939638058699e-03,1.927312638327547106e-04,2.189310057199183354e-04,2.518308822133933549e-04,5.069833344333871464e-03,5.117366277529258184e-03,7.190597666622124649e-03,1.927312638327516748e-04,2.189310057199188504e-04,2.518308822133928128e-04
9.004706543542773112e-02,4.772132930083094852e-03,4.854356863516405725e-03,6.931737311834339048e-03,1.819465928142395604e-04,2.073550256519841406e-04,2.384386182205017516e-04,4.772132930083094852e-03,4.854356863516405725e-03,6.931995039149975620e-03,1.826925963604129888e-04,2.073709146366244560e-04,2.384386182205017516e-04,4.788329305143743629e-03,4.831315361047335347e-03,6.789525723958943389e-03,1.826925963604112270e-04,2.073709146366252149e-04,2.384386182205008842e-04
1.100575244210783427e-01,4.327056596847267053e-03,4.399967470952077103e-03,6.284138787193544601e-03,1.659990081315887531e-04,1.888864130120243004e-04,2.170712234969785696e-04,4.327056596847267053e-03,4.399967470952077103e-03,6.284337548541538664e-03,1.667021149584428207e-04,1.889009702740345766e-04,2.170712234969785696e-04,4.341742767463282159e-03,4.379075322384354957e-03,6.155185459731290012e-03,1.667021149584432544e-04,1.889009702740352000e-04,2.170712234969772686e-04
1.300679834067289542e-01,3.987623570408631822e-03,4.054349992438759272e-03,5.790247093865817998e-03,1.537497322229171000e-04,1.746472791237435108e-04,2.005614392329953320e-04,3.987623570408631822e-03,4.054349992438759272e-03,5.790406165419157217e-03,1.544221900506453124e-04,1.746607393456812334e-04,2.005614392329953320e-04,4.001156465090254140e-03,4.035101554320314615e-03,5.671406411303324228e-03,1.544221900506449871e-04,1.746607393456820194e-04,2.005614392329942207e-04
1.500784423923795519e-01,3.717143252071022051e-03,3.779886592407622620e-03,5.397137876207203783e-03,1.439485108733031048e-04,1.634663606134948452e-04,1.873085823410736812e-04,3.717143252071022051e-03,3.779886592407622620e-03,5.397276015411830129e-03,1.445995803208524101e-04,1.634788258418502771e-04,1.873085823410736812e-04,3.729754876676177888e-03,3.761954100140155795e-03,5.286351893140563141e-03,1.445995803208513259e-04,1.634788258418509548e-04,1.873085823410724614e-04
1.800941308708554622e-01,3.397893748823166155e-03,3.456407986113157159e-03,4.931603241221296959e-03,1.323368700577196521e-04,1.499406077986335708e-04,1.716051698625390678e-04,3.397893748823166155e-03,3.456407986113157159e-03,4.931728927399816470e-03,1.329628599726770594e-04,1.499522908991223803e-04,1.716051698625390678e-04,3.409410340057148544e-03,3.440026151558431278e-03,4.830372880674740910e-03,1.329628599726754602e-04,1.499522908991227869e-04,1.716051698625380650e-04
2.001045898565060877e-01,3.226277285313049279e-03,3.282237053496321871e-03,4.680439673166031378e-03,1.260454361472090098e-04,1.426920451343407722e-04,1.630900476021364647e-04,3.226277285313049279e-03,3.282237053496321871e-03,4.680570378755322461e-03,1.266586047099603073e-04,1.427034376218022052e-04,1.630900476021364647e-04,3.237203843990270162e-03,3.266688478372288193e-03,4.584377963361519620e-03,1.266586047099586810e-04,1.427034376218025034e-04,1.630900476021357329e-04
2.401255078278072830e-01,2.947694216689790512e-03,3.001169960963399712e-03,4.276522009212537466e-03,1.158502215326690914e-04,1.309536370202364782e-04,1.493139097437744115e-04,2.947694216689790512e-03,3.001169960963399712e-03,4.276680431541544404e-03,1.164450286062793062e-04,1.309643630521489062e-04,1.493139097437744115e-04,2.957672236390152410e-03,2.986958725307587489e-03,4.188789216204905595e-03,1.164450286062785608e-04,1.309643630521499904e-04,1.493139097437739236e-04
2.801464257991085338e-01,2.730566431197791692e-03,2.782011141791012991e-03,3.961584081468745577e-03,1.079213096656811985e-04,1.218523641998796168e-04,1.385772944487791863e-04,2.730566431197791692e-03,2.782011141791012991e-03,3.961757640225693419e-03,1.085041291068525586e-04,1.218626474797420832e-04,1.385772944487791863e-04,2.739808276856109913e-03,2.768840371332200075e-03,3.880338083272987133e-03,1.085041291068519352e-04,1.218626474797430319e-04,1.385772944487787526e-04
3.301725732632350141e-01,2.516840364814293147e-03,2.565680723826794813e-03,3.652637784165860095e-03,1.001328892436143409e-04,1.128910646992496611e-04,1.279649206221534856e-04,2.516840364814293147e-03,2.565680723826794813e-03,3.652814905539055520e-03,1.007066281471951280e-04,1.129008305271896983e-04,1.279649206221534856e-04,2.525355238531458001e-03,2.553533552091007651e-03,3.577748500568404821e-03,1.007066281471946130e-04,1.129008305271907554e-04,1.279649206221531604e-04
3.801987207273615499e-01,2.346036499154842588e-03,2.393054782843093229e-03,3.406845285275463334e-03,9.396170791940067527e-05,1.057785135243077557e-04,1.194541597342058277e-04,2.346036499154842588e-03,2.393054782843093229e-03,3.407027630005212901e-03,9.452834056181525326e-05,1.057875386794026066e-04,1.194541597342058277e-04,2.353971670986601192e-03,2.381727237315227515e-03,3.337012938200518454e-03,9.452834056181465695e-05,1.057875386794031894e-04,1.194541597342056109e-04
4.402300976843133706e-01,2.181259328416225701e-03,2.225767855367949237e-03,3.169534154970934416e-03,8.802705528142380981e-05,9.890781384853750558e-05,1.112075263821918976e-04,2.181259328416225701e-03,2.225767855367949237e-03,3.169721460121580937e-03,8.858417909232094720e-05,9.891617841920264309e-05,1.112075263821918976e-04,2.188632790742687292e-03,2.215241202258021701e-03,3.104582638909062203e-03,8.858417909232035089e-05,9.891617841920334782e-05,1.112075263821917214e-04
5.202719336269158168e-01,2.009038658119214390e-03,2.050108994269665436e-03,2.919168468014217855e-03,8.180141914299343686e-05,9.170469533101558606e-05,1.024502975706803056e-04,2.009038658119214390e-03,2.050108994269665436e-03,2.919365384230908095e-03,8.234449131396815705e-05,9.171248903278039506e-05,1.024502975706803056e-04,2.015820263815944983e-03,2.040420608926972901e-03,2.859376250442151237e-03,8.234449131396731679e-05,9.171248903278070676e-05,1.024502975706800481e-04
6.003137695695182074e-01,1.872557451079642343e-03,1.910996273160422325e-03,2.720269811050626384e-03,7.687113907959516087e-05,8.602544853361140649e-05,9.551996443126425191e-05,1.872557451079642343e-03,1.910996273160422325e-03,2.720480996031953043e-03,7.740103735739515829e-05,8.603256073488095102e-05,9.551996443126425191e-05,1.878868309370481608e-03,1.901973598460583118e-03,2.664582183266684355e-03,7.740103735739456198e-05,8.603256073488115430e-05,9.551996443126411639e-05
7.003660644977712790e-01,1.737339759798480713e-03,1.772362679838458081e-03,2.521084304137942086e-03,7.197136174624470023e-05,8.036225117932060253e-05,8.860206230718861362e-05,1.737339759798480713e-03,1.772362679838458081e-03,2.521310322471744317e-03,7.248856907117892060e-05,8.036820815654336682e-05,8.860206230718861362e-05,1.743184954719787655e-03,1.763996015463996717e-03,2.469511627470741353e-03,7.248856907117840560e-05,8.036820815654347524e-05,8.860206230718855941e-05
8.204288184116749205e-01,1.608568164202047466e-03,1.640794762672003132e-03,2.331075174650900673e-03,6.738396479906458931e-05,7.499166292231060674e-05,8.203625052268722912e-05,1.608568164202047466e-03,1.640794762672003132e-03,2.331283503029185113e-03,6.789121393932978426e-05,7.499676995835731030e-05,8.203625052268722912e-05,1.613968174947225890e-03,1.633047538351738073e-03,2.283400020448341037e-03,6.789121393932941834e-05,7.499676995835740517e-05,8.203625052268720202e-05
9.605020313112291319e-01,1.489398407313323762e-03,1.519045941634248340e-03,2.156202197967988649e-03,6.323878815636120013e-05,7.005878068977282325e-05,7.600559319335613133e-05,1.489398407313323762e-03,1.519045941634248340e-03,2.156385930073940853e-03,6.373985252346178547e-05,7.006345112145424868e-05,7.600559319335613133e-05,1.494387866928083806e-03,1.511875888562978386e-03,2.112101853127599290e-03,6.373985252346158219e-05,7.006345112145435710e-05,7.600559319335609067e-05
1.110580473703608684e+00,1.387531712297729270e-03,1.413993175184843302e-03,2.006462729749052074e-03,5.978137035482547739e-05,6.587154365482228479e-05,7.085310705520883514e-05,1.387531712297729270e-03,1.413993175184843302e-03,2.006642503514315633e-03,6.028000862022363368e-05,6.587596958668635882e-05,7.085310705520883514e-05,1.392170766926538201e-03,1.407328959231606913e-03,1.965434930700422824e-03,6.028000862022309835e-05,6.587596958668646724e-05,7.085310705520880803e-05
1.300679834067289597e+00,1.284301478297051767e-03,1.308147315163310986e-03,1.855290158891525478e-03,5.636344776463405481e-05,6.169531774110138583e-05,6.557975224470270292e-05,1.284301478297051767e-03,1.308147315163310986e-03,1.855480763288941230e-03,5.686219311595748234e-05,6.169944677260150590e-05,6.557975224470270292e-05,1.288585651661951475e-03,1.301992015278885225e-03,1.817379205345815481e-03,5.686219311595688602e-05,6.169944677260157367e-05,6.557975224470262161e-05
1.510789653416620970e+00,1.193646115562862044e-03,1.215930931725908715e-03,1.722629745282038601e-03,5.340310757642308776e-05,5.810065817692218677e-05,6.096856786523246054e-05,1.193646115562862044e-03,1.215930931725908715e-03,1.722850071426437627e-03,5.390252003490214410e-05,5.810394789123906115e-05,6.096856786523246054e-05,1.197621865599468247e-03,1.210224923859701610e-03,1.687467101995182052e-03,5.390252003490164266e-05,5.810394789123911536e-05,6.096856786523235212e-05
1.760920390737253483e+00,1.107645286050973473e-03,1.129698709963896860e-03,1.597470966968885962e-03,5.065233259936654815e-05,5.475619136339164036e-05,5.659315414555874242e-05,1.107645286050973473e-03,1.129698709963896860e-03,1.597749525104963288e-03,5.115409954947846806e-05,5.475774166730836966e-05,5.659315414555874242e-05,1.111330258092144661e-03,1.124411531226555440e-03,1.564929656194711909e-03,5.115409954947800050e-05,5.475774166730834933e-05,5.659315414555864755e-05
2.051072046029187135e+00,1.028918003671293281e-03,1.051511796873267658e-03,1.481526099980860116e-03,4.818220657007515298e-05,5.174954757237314087e-05,5.253663239702351443e-05,1.028918003671293281e-03,1.051511796873267658e-03,1.481875614140948285e-03,4.868470979654340329e-05,5.174930346776989722e-05,5.253663239702351443e-05,1.032336575269579820e-03,1.046598087526359137e-03,1.451434583825049430e-03,4.868470979654314579e-05,5.174930346776992433e-05,5.253663239702339923e-05
2.391249848785247600e+00,9.563972634885350250e-04,9.798040307318880895e-04,1.373971760620976883e-03,4.595982610721256962e-05,4.898610938775180821e-05,4.878426039898451266e-05,9.563972634885350250e-04,9.798040307318880895e-04,1.374368774724875775e-03,4.646027776271895914e-05,4.898365650321102833e-05,4.878426039898451266e-05,9.595668298850593483e-04,9.752367939083731634e-04,1.346134830651875757e-03,4.646027776271867453e-05,4.898365650321108254e-05,4.878426039898443135e-05
2.781453799005434657e+00,8.899881606521710137e-04,9.147464886560595452e-04,1.275891488780796354e-03,4.401620576096286746e-05,4.650218962491118777e-05,4.539780620419579522e-05,8.899881606521710137e-04,9.147464886560595452e-04,1.276339827064886445e-03,4.451168580919155556e-05,4.649700061281182242e-05,4.539780620419579522e-05,8.929274948236706018e-04,9.104913085346620465e-04,1.250121638202199943e-03,4.451168580919129806e-05,4.649700061281189696e-05,4.539780620419573424e-05
3.241694355675398320e+00,8.278618606798490535e-04,8.530751976751359310e-04,1.183574901301433831e-03,4.227028543938491739e-05,4.422394818400176658e-05,4.226035812904633474e-05,8.278618606798490535e-04,8.530751976751359310e-04,1.184079365620134420e-03,4.275607350925666030e-05,4.421597009147132119e-05,4.226035812904633474e-05,8.305857629772901837e-04,8.491211867231425806e-04,1.159754160308527123e-03,4.275607350925641635e-05,4.421597009147132796e-05,4.226035812904629409e-05
3.771971518795139477e+00,7.713093271705667589e-04,7.971245309494682770e-04,1.101027014751736156e-03,4.073274335992988117e-05,4.219731526376731783e-05,3.943162260938563347e-05,7.713093271705667589e-04,7.971245309494682770e-04,1.101585163144227705e-03,4.120520485377461876e-05,4.218582058638653683e-05,3.943162260938563347e-05,7.738344526003873352e-04,7.934451890374524027e-04,1.078953950171687107e-03,4.120520485377441547e-05,4.218582058638650295e-05,3.943162260938559959e-05
4.392295747350308588e+00,7.191591508876640478e-04,7.449237908411744311e-04,1.025426106774499253e-03,3.933521300288628643e-05,4.038382964767060784e-05,3.688841257621902809e-05,7.191591508876640478e-04,7.449237908411744311e-04,1.026026933706155339e-03,3.978607390889309282e-05,4.036878775254863435e-05,3.688841257621902809e-05,7.215055400044580311e-04,7.414955365061213230e-04,1.004946394431927492e-03,3.978607390889282177e-05,4.036878775254858014e-05,3.688841257621901454e-05
5.122677500326555666e+00,6.694116716236032678e-04,6.961714270814630626e-04,9.554683707085083856e-04,3.806633279597636190e-05,3.878106142705783069e-05,3.453195594543726176e-05,6.694116716236032678e-04,6.961714270814630626e-04,9.560945475955228519e-04,3.848563329749724943e-05,3.876345210111202831e-05,3.453195594543726176e-05,6.715909757304596578e-04,6.929753835074554729e-04,9.364480544632063953e-04,3.848563329749708003e-05,3.876345210111192667e-05,3.453195594543723466e-05
5.963116777723881157e+00,6.251337787943450327e-04,6.514330100050614311e-04,8.933670365495968452e-04,3.695557277347028972e-05,3.739099149890257908e-05,3.240177604283589241e-05,6.251337787943450327e-04,6.514330100050614311e-04,8.939970603874514404e-04,3.733046158563046627e-05,3.737102227150676048e-05,3.240177604283589241e-05,6.271667744173039030e-04,6.484456253888191708e-04,8.756244994004591144e-04,3.733046158563029009e-05,3.737102227150663851e-05,3.240177604283585853e-05
6.943629268020760748e+00,5.837754950969516361e-04,6.102130194036472751e-04,8.361337286693604990e-04,3.599039686526777352e-05,3.615728039902088949e-05,3.044808943986992595e-05,5.837754950969516361e-04,6.102130194036472751e-04,8.367574064044948400e-04,3.630257626196384610e-05,3.613442208328865248e-05,3.044808943986992595e-05,5.856715054677086611e-04,6.074145453135951916e-04,8.195614198620320865e-04,3.630257626196360215e-05,3.613442208328846274e-05,3.044808943986989546e-05
8.084225430202845786e+00,5.449059857766861250e-04,5.723461170731375868e-04,7.831962226632275918e-04,3.516812979470085868e-05,3.507808658518710490e-05,2.860365973081875271e-05,5.449059857766861250e-04,5.723461170731375868e-04,7.838071970768832131e-04,3.540142177743563846e-05,3.505119735627228899e-05,2.860365973081875271e-05,5.466725224371031273e-04,5.697280442828438077e-04,7.676960742979759781e-04,3.540142177743532676e-05,3.505119735627213313e-05,2.860365973081872899e-05
9.414920952748611072e+00,5.086080119876687988e-04,5.377421386379868488e-04,7.342639855877112435e-04,3.450174845409224205e-05,3.410173743988197722e-05,2.685743078537984165e-05,5.086080119876687988e-04,5.377421386379868488e-04,7.348742626499335387e-04,3.463378732442071840e-05,3.406907751596854693e-05,2.685743078537984165e-05,5.102495127154659492e-04,5.352886081188338013e-04,7.197690656635547662e-04,3.463378732442035248e-05,3.406907751596836397e-05,2.685743078537980777e-05
1.095572629464370706e+01,4.765617481195536854e-04,5.059656600584082516e-04,6.888208549180242128e-04,3.396690425133438686e-05,3.324680986028323901e-05,2.524494224240342912e-05,4.765617481195536854e-04,5.059656600584082516e-04,6.894522348776056580e-04,3.396959545263804960e-05,3.320627959074457913e-05,2.524494224240342912e-05,4.780912990689592545e-04,5.036656606099279088e-04,6.752809088597751990e-04,3.396959545263772434e-05,3.320627959074438939e-05,2.524494224240340541e-05
1.275666760335226257e+01,4.474459072327775463e-04,4.768450856323748813e-04,6.469670420384404652e-04,3.355617816434824642e-05,3.250370860484204355e-05,2.375038465042098604e-05,4.474459072327775463e-04,4.768450856323748813e-04,6.476528133735044799e-04,3.339780394509767394e-05,3.245321005108940573e-05,2.375038465042098604e-05,4.488692809535105798e-04,4.746871615728529199e-04,6.343432686016531753e-04,3.339780394509738934e-05,3.245321005108921600e-05,2.375038465042096571e-05
1.485776579684557674e+01,4.209198851273613382e-04,4.501196821159482160e-04,6.096466117504744254e-04,3.326471648462494456e-05,3.188233587987034150e-05,2.238524082673172219e-05,4.209198851273613382e-04,4.501196821159482160e-04,6.104206729814267438e-04,3.290355338920229408e-05,3.181983836424375118e-05,2.238524082673172219e-05,4.222492998841460821e-04,4.480899362574694870e-04,5.978772458546192372e-04,3.290355338920205691e-05,3.181983836424354790e-05,2.238524082673169847e-05
1.729904179309495049e+01,3.974858101141744127e-04,4.261039488486987182e-04,5.758517100525519655e-04,3.305581711593347000e-05,3.135684064751427600e-05,2.120262045114413774e-05,3.974858101141744127e-04,4.261039488486987182e-04,5.767928200559562088e-04,3.243903736692162860e-05,3.127876917419167302e-05,2.120262045114413774e-05,3.987339030188997470e-04,4.241882647327859164e-04,5.649401097471791131e-04,3.243903736692145919e-05,3.127876917419152394e-05,2.120262045114411402e-05
2.014052696905733697e+01,3.757060431523095360e-04,4.038537442017301588e-04,5.458581924759102954e-04,3.294425159320581788e-05,3.092402883667490725e-05,2.015080174820580808e-05,3.757060431523095360e-04,4.038537442017301588e-04,5.471007565421850353e-04,3.201188406242196479e-05,3.082472935919856075e-05,2.015080174820580808e-05,3.768812788350592346e-04,4.020449878980908616e-04,5.358555543201711565e-04,3.201188406242174795e-05,3.082472935919842522e-05,2.015080174820579114e-05
2.345225793118251190e+01,3.559253513986692144e-04,3.834006706835649410e-04,5.209110044069632794e-04,3.297367786935393526e-05,3.058880655302534201e-05,1.921757840010369719e-05,3.559253513986692144e-04,3.834006706835649410e-04,5.225723471599685345e-04,3.164931508915223336e-05,3.046136558076156767e-05,1.921757840010369719e-05,3.570386823926710216e-04,3.816943803385479503e-04,5.118228901901419707e-04,3.164931508915200297e-05,3.046136558076145925e-05,1.921757840010368364e-05
2.730427128592025454e+01,3.378267134440401205e-04,3.650107479734153318e-04,4.991654533280401275e-04,3.316213876457560050e-05,3.032598480330893736e-05,1.839889484295595870e-05,3.378267134440401205e-04,3.650107479734153318e-04,5.013000226329381546e-04,3.135557454408416383e-05,3.016324343464606687e-05,1.839889484295595870e-05,3.388840078831459757e-04,3.634024759044196876e-04,4.909765531368564780e-04,3.135557454408383180e-05,3.016324343464595506e-05,1.839889484295594176e-05
3.179661932819881542e+01,3.222026099795118363e-04,3.480366689866881756e-04,4.812031270706408279e-04,3.360337585304486435e-05,3.015279341178346936e-05,1.766279494128641304e-05,3.222026099795118363e-04,3.480366689866881756e-04,4.835912158868055691e-04,3.121595153284259592e-05,2.994825965539241419e-05,1.766279494128641304e-05,3.232076758095863496e-04,3.465233055510258354e-04,4.736223493269891963e-04,3.121595153284218935e-05,2.994825965539230238e-05,1.766279494128638933e-05
3.701934912345362250e+01,3.097760671455936608e-04,3.319874277544662927e-04,4.679699072351534215e-04,3.430268568212429761e-05,3.009330958590242708e-05,1.700473370754501190e-05,3.097760671455936608e-04,3.319874277544662927e-04,4.700794045679932386e-04,3.121557915727628718e-05,2.984130143460360412e-05,1.700473370754501190e-05,3.107341099813969382e-04,3.305609207465664808e-04,4.603862156302534732e-04,3.121557915727577218e-05,2.984130143460350247e-05,1.700473370754498141e-05
4.311253388458423785e+01,2.994914677205268963e-04,3.172686846056417607e-04,4.600498560580375805e-04,3.523534674329486768e-05,3.009103116554495458e-05,1.639904097918596664e-05,2.994914677205268963e-04,3.172686846056417607e-04,4.612718900290300452e-04,3.133055895784523260e-05,2.978641774697380219e-05,1.639904097918596664e-05,3.004122492971072187e-04,3.159226666949586817e-04,4.517567782647968354e-04,3.133055895784462273e-05,2.978641774697372426e-05,1.639904097918593615e-05
5.019623636550455359e+01,2.915766626547931133e-04,3.038394351800102213e-04,4.571576757544378402e-04,3.641765068122743219e-05,3.011642156585841491e-05,1.584950741604534193e-05,2.915766626547931133e-04,3.038394351800102213e-04,4.565078093366458094e-04,3.158458587890177729e-05,2.975878234170045453e-05,1.584950741604534193e-05,2.924701811759274203e-04,3.025675882619523389e-04,4.470870833942127429e-04,3.158458587890107256e-05,2.975878234170043759e-05,1.584950741604531483e-05
5.844054546759259949e+01,2.853129215095656169e-04,2.909972963057673358e-04,4.595520106055894934e-04,3.783605758983731276e-05,3.021469250048309683e-05,1.540004674551994227e-05,2.853129215095656169e-04,2.909972963057673358e-04,4.559372306477942212e-04,3.194772051433088114e-05,2.980158195356639940e-05,1.540004674551994227e-05,2.861891394743923834e-04,2.897950849638812804e-04,4.465238349421853169e-04,3.194772051433008154e-05,2.980158195356648410e-05,1.540004674551992533e-05
6.804556578070489081e+01,2.798546522542939862e-04,2.783256216695171909e-04,4.683121358513266325e-04,3.945069828321458620e-05,3.039184485278444630e-05,1.502575989246290433e-05,2.798546522542939862e-04,2.783256216695171909e-04,4.603792244177327877e-04,3.235503333384484413e-05,2.991528264847574141e-05,1.502575989246290433e-05,2.807217046813688106e-04,2.771908784200615913e-04,4.508682507487020690e-04,3.235503333384394289e-05,2.991528264847594809e-05,1.502575989246289416e-05
7.923141235368358082e+01,2.752537503445010936e-04,2.661770181013329694e-04,4.827946839440747551e-04,4.128160679942299833e-05,3.062723361774363637e-05,1.472964685306290490e-05,2.752537503445010936e-04,2.661770181013329694e-04,4.685160860784107683e-04,3.278368402253231521e-05,3.007735791584472491e-05,1.472964685306290490e-05,2.761226171253039399e-04,2.651068818897282689e-04,4.588272179778892955e-04,3.278368402253127844e-05,3.007735791584505695e-05,1.472964685306290490e-05
9.225822115334213436e+01,2.712455259134919370e-04,2.547652185739546216e-04,5.034773899725621680e-04,4.335613663505481557e-05,3.095741615085229872e-05,1.453288151545204982e-05,2.712455259134919370e-04,2.547652185739546216e-04,4.807584333951147931e-04,3.320155844938184016e-05,3.032414959610980494e-05,1.453288151545204982e-05,2.721194168081505767e-04,2.537505922170841979e-04,4.708099155732481693e-04,3.320155844938067465e-05,3.032414959611023523e-05,1.453288151545205321e-05
1.074161438349724591e+02,2.674201881592327534e-04,2.444547443044371628e-04,5.318232340293547675e-04,4.565053732087277099e-05,3.139654087621284546e-05,1.437934126261896560e-05,2.674201881592327534e-04,2.444547443044371628e-04,4.986072433296389684e-04,3.355406031586087817e-05,3.065315650528271837e-05,1.437934126261896560e-05,2.682936579835535078e-04,2.434856003960248524e-04,4.882907433637014884e-04,3.355406031585956358e-05,3.065315650528329435e-05,1.437934126261897577e-05
1.250753738898091285e+02,2.637665102974357315e-04,2.360067988103596863e-04,5.677503278730460998e-04,4.817179210686031113e-05,3.193065878257834870e-05,1.427967020681408969e-05,2.637665102974357315e-04,2.360067988103596863e-04,5.220292919865198410e-04,3.381780643806089307e-05,3.104017505261416268e-05,1.427967020681408969e-05,2.646362320431588358e-04,2.350655752573567372e-04,5.112356292191189405e-04,3.381780643805955137e-05,3.104017505261486741e-05,1.427967020681410832e-05
1.456261152680723114e+02,2.607830320550320229e-04,2.296760613870467600e-04,6.105517684671637937e-04,5.099635439168934549e-05,3.253857644288403255e-05,1.430185371523375753e-05,2.607830320550320229e-04,2.296760613870467600e-04,5.503951171893512861e-04,3.406978161084881965e-05,3.145308724181880919e-05,1.430185371523375753e-05,2.616484409514816130e-04,2.287533315575109353e-04,5.390229104539324100e-04,3.406978161084751861e-05,3.145308724181969688e-05,1.430185371523379819e-05
1.695586242149104237e+02,2.593453745484234903e-04,2.239577005857739072e-04,6.618537188090483150e-04,5.414729315854080672e-05,3.323491256795577971e-05,1.448799224105052228e-05,2.593453745484234903e-04,2.239577005857739072e-04,5.857026301886949669e-04,3.428651395086345212e-05,3.189503508200748139e-05,1.448799224105052228e-05,2.602091024315925745e-04,2.230485433401760973e-04,5.736108115091824488e-04,3.428651395086223239e-05,3.189503508200851816e-05,1.448799224105058666e-05
1.974231883524288946e+02,2.590353941459505940e-04,2.172686863030099541e-04,7.224916929960150834e-04,5.778095767256176174e-05,3.409317600930078952e-05,1.485423224227871098e-05,2.590353941459505940e-04,2.172686863030099541e-04,6.284869456727192093e-04,3.451577553612773271e-05,3.245497857656091402e-05,1.485423224227871098e-05,2.599071148986794146e-04,2.163771027113223493e-04,6.155191646375757350e-04,3.451577553612664851e-05,3.245497857656209987e-05,1.485423224227879399e-05
2.298701475976613722e+02,2.598155815732334107e-04,2.099332580907847573e-04,7.931865957962515052e-04,6.206793845913104429e-05,3.519481191139592547e-05,1.539408631427623082e-05,2.598155815732334107e-04,2.099332580907847573e-04,6.794412791793504568e-04,3.483084428725952044e-05,3.323251355349331307e-05,1.539408631427623082e-05,2.607033220913328132e-04,2.090697255484242516e-04,6.654266572062481847e-04,3.483084428725858532e-05,3.323251355349462766e-05,1.539408631427632569e-05
2.676498941625696943e+02,2.611757193225082885e-04,2.020926062123819581e-04,8.757630181642972120e-04,6.719585167134832320e-05,3.655759193078250913e-05,1.605220468908911865e-05,2.611757193225082885e-04,2.020926062123819581e-04,7.403592472708842194e-04,3.529446095586418847e-05,3.423597525459823641e-05,1.605220468908911865e-05,2.620817955496533352e-04,2.012667771148226269e-04,7.250933818860235682e-04,3.529446095586342275e-05,3.423597525459967297e-05,1.605220468908920674e-05
3.116328830130297547e+02,2.630689547727243518e-04,1.949860257928866724e-04,9.719957033715415865e-04,7.351194376401047181e-05,3.822029273659545878e-05,1.675367586336077802e-05,2.630689547727243518e-04,1.949860257928866724e-04,8.130798568303957774e-04,3.598766179629917807e-05,3.544482270696657964e-05,1.675367586336077802e-05,2.639897555191743047e-04,1.941950674921094557e-04,7.963242231745947452e-04,3.598766179629862242e-05,3.544482270696809752e-05,1.675367586336083223e-05
3.628496527868024941e+02,2.648826590749086651e-04,1.914795008557637786e-04,1.084033160924613784e-03,8.126087973808197482e-05,4.025420249143159946e-05,1.750897365697570544e-05,2.648826590749086651e-04,1.914795008557637786e-04,9.022070366627864442e-04,3.696455447913242921e-05,3.689033626549663615e-05,1.750897365697570544e-05,2.658049603128147470e-04,1.907042408185067467e-04,8.836303261377936868e-04,3.696455447913213105e-05,3.689033626549821502e-05,1.750897365697570205e-05
4.224808205640412666e+02,2.670932910653109988e-04,1.909767460582215853e-04,1.213093856112605444e-03,9.039245084351900958e-05,4.262837014175199161e-05,1.836373601450705555e-05,2.670932910653109988e-04,1.909767460582215853e-04,1.010151318662936681e-03,3.827882497540563796e-05,3.851785069539559372e-05,1.836373601450705555e-05,2.680062758974942447e-04,1.901852983210912688e-04,9.893732855083428677e-04,3.827882497540572606e-05,3.851785069539714548e-05,1.836373601450701489e-05
4.919171132442489238e+02,2.708813307077932871e-04,1.916849096912949925e-04,1.358356872310695698e-03,1.010248014183328877e-04,4.537341380351617273e-05,1.944050324465733479e-05,2.708813307077932871e-04,1.916849096912949925e-04,1.139997687493926170e-03,3.981886634502350203e-05,4.033258454201804681e-05,1.944050324465733479e-05,2.717836703624028458e-04,1.908418521704785217e-04,1.116571801422286620e-03,3.981886634502387472e-05,4.033258454201961213e-05,1.944050324465727719e-05
5.727593675462773035e+02,2.771461704692911141e-04,1.943518578126284891e-04,1.519393571566541885e-03,1.132607845045787679e-04,4.843980755091513738e-05,2.083862072793337119e-05,2.771461704692911141e-04,1.943518578126284891e-04,1.294860838260445323e-03,4.143302438875796863e-05,4.224675796514529410e-05,2.083862072793337119e-05,2.780317761315391728e-04,1.934041768366005049e-04,1.268278578159654337e-03,4.143302438875855138e-05,4.224675796514697462e-05,2.083862072793330681e-05
6.668885666147778011e+02,2.874869132243666162e-04,1.974067312610152422e-04,1.696779530153896300e-03,1.269326509316601463e-04,5.179871649172658644e-05,2.260712523482005812e-05,2.874869132243666162e-04,1.974067312610152422e-04,1.477597868379266913e-03,4.330730998514315585e-05,4.415251862566082255e-05,2.260712523482005812e-05,2.883568360647831893e-04,1.963049966233224529e-04,1.447290616558406058e-03,4.330730998514381992e-05,4.415251862566274023e-05,2.260712523482000729e-05
7.764858504791861833e+02,3.029191494976312521e-04,1.983636610654638285e-04,1.890013693021895145e-03,1.423028239567016354e-04,5.545036272170243848e-05,2.478569205598616087e-05,3.029191494976312521e-04,1.983636610654638285e-04,1.690381994266025546e-03,4.548573696072396834e-05,4.598640826227992954e-05,2.478569205598616087e-05,3.037789059702212515e-04,1.970873178401165904e-04,1.655732675861824443e-03,4.548573696072462564e-05,4.598640826228213183e-05,2.478569205598610666e-05
9.040925474306801561e+02,3.248699138605315559e-04,1.992172927995418147e-04,2.101830655234498881e-03,1.591852722527118584e-04,5.912503361901853290e-05,2.740539566824942174e-05,3.248699138605315559e-04,1.992172927995418147e-04,1.935675717357444913e-03,4.810093431304138007e-05,4.761885289244423459e-05,2.740539566824942174e-05,3.257278307351264618e-04,1.977757143383113451e-04,1.896013612274759751e-03,4.810093431304209835e-05,4.761885289244674859e-05,2.740539566824938108e-05
1.052670205399135966e+03,3.539986855037775566e-04,1.986556350370341354e-04,2.331680017838619074e-03,1.774136818474168428e-04,6.299817286708292126e-05,3.046985642554088990e-05,3.539986855037775566e-04,1.986556350370341354e-04,2.212894655061732694e-03,5.136186541879699365e-05,4.904048960273425491e-05,3.046985642554088990e-05,3.548842356573797584e-04,1.970816390877736608e-04,2.167556943968969134e-03,5.136186541879763062e-05,4.904048960273703318e-05,3.046985642554085263e-05
1.225670628559578290e+03,3.897355876419801557e-04,1.966244560256123525e-04,2.578694176526944402e-03,1.974232683850869513e-04,6.754177940275369056e-05,3.400058241632279065e-05,3.897355876419801557e-04,1.966244560256123525e-04,2.519752954712835800e-03,5.507665058758883983e-05,5.048688417555096200e-05,3.400058241632279065e-05,3.906973153104718681e-04,1.949453649452024737e-04,2.468122042173382519e-03,5.507665058758947003e-05,5.048688417555378092e-05,3.400058241632276354e-05
1.427095908709137348e+03,4.323452139193022432e-04,1.954890684315233583e-04,2.843144531629181355e-03,2.191992376930045202e-04,7.272231029562326097e-05,3.793627743388663199e-05,4.323452139193022432e-04,1.954890684315233583e-04,2.853551938839616470e-03,5.934018197398789152e-05,5.219545883172670652e-05,3.793627743388663199e-05,4.334320821927649435e-04,1.938139329824833533e-04,2.795062533315294771e-03,5.934018197398850138e-05,5.219545883172936281e-05,3.793627743388661844e-05
1.661628493250455222e+03,4.820933927365718408e-04,1.969404533092401831e-04,3.126081106132235551e-03,2.435133781065019164e-04,7.911742935488744015e-05,4.239446245727005705e-05,4.820933927365718408e-04,1.969404533092401831e-04,3.212333763174010041e-03,6.394350540086051978e-05,5.449819585232854887e-05,4.239446245727005705e-05,4.833706330355258020e-04,1.954033835439713759e-04,3.146458927552187382e-03,6.394350540086121096e-05,5.449819585233086635e-05,4.239446245727005027e-05
1.934701221798136203e+03,5.377661279267969370e-04,2.021383660248249597e-04,3.429651119601955650e-03,2.706096684322945381e-04,8.711301418734017691e-05,4.750638643864574050e-05,5.377661279267969370e-04,2.021383660248249597e-04,3.593815301109645234e-03,6.900747302227908651e-05,5.763608507518564725e-05,4.750638643864574050e-05,5.393390377747517587e-04,2.007428550593165202e-04,3.520073353253930313e-03,6.900747302227992677e-05,5.763608507518745651e-05,4.750638643864572017e-05
2.252647404621138776e+03,5.984150912089786657e-04,2.104756822259636084e-04,3.770459844167412932e-03,3.006486027477427072e-04,9.640043225339116014e-05,5.357623435496233310e-05,5.984150912089786657e-04,2.104756822259636084e-04,4.009478030926329553e-03,7.533285367299262319e-05,6.150641117531058656e-05,5.357623435496233310e-05,6.004068729385913638e-04,2.092685072147766113e-04,3.927143702714355582e-03,7.533285367299380226e-05,6.150641117531190115e-05,5.357623435496231955e-05
2.622850901085167607e+03,6.665119554455425097e-04,2.179941312853659881e-04,4.175973074167713996e-03,3.347687679455906809e-04,1.067384510101384768e-04,6.096355984443719249e-05,6.665119554455425097e-04,2.179941312853659881e-04,4.480808729482473746e-03,8.304010727164739354e-05,6.569511792564081034e-05,6.096355984443719249e-05,6.690072963266421521e-04,2.171874106933551981e-04,4.388718674345775186e-03,8.304010727164854550e-05,6.569511792564156928e-05,6.096355984443717216e-05
3.053896198095067575e+03,7.388375737154612068e-04,2.255741009270728029e-04,4.663870993428516180e-03,3.735463801945464635e-04,1.180918852707613109e-04,6.991044210858979552e-05,7.388375737154612068e-04,2.255741009270728029e-04,5.020316005859748812e-03,9.206619992015137928e-05,6.971536995725443958e-05,6.991044210858979552e-05,7.419089616315130246e-04,2.251456418602165884e-04,4.917062404461065156e-03,9.206619992015226020e-05,6.971536995725454800e-05,6.991044210858978196e-05
3.555768514684677484e+03,8.117392981088020903e-04,2.329267240910379961e-04,5.244945632292009538e-03,4.175569503857791062e-04,1.313325963190599768e-04,8.055742758320226504e-05,8.117392981088020903e-04,2.329267240910379961e-04,5.636323560778325192e-03,1.022588864589181473e-04,7.413328281433365498e-05,8.055742758320226504e-05,8.154343263411132844e-04,2.329343276749731091e-04,5.520329357792674863e-03,1.022588864589186759e-04,7.413328281433319419e-05,8.055742758320226504e-05
4.140123943213139682e+03,8.840353945429856595e-04,2.405594406717283815e-04,5.933903850816503976e-03,4.691033518884778946e-04,1.471897283060767593e-04,9.308000460799228828e-05,8.840353945429856595e-04,2.405594406717283815e-04,6.344619460369197751e-03,1.132076213959648509e-04,7.943673009677600788e-05,9.308000460799228828e-05,8.883539422751060696e-04,2.413520674828232464e-04,6.213984953951564097e-03,1.132076213959651762e-04,7.943673009677511341e-05,9.308000460799228828e-05
4.820519569643231080e+03,9.556917606126328225e-04,2.522461855092646035e-04,6.736865156366589683e-03,5.298211541302482591e-04,1.663676448687182406e-04,1.075760595925828907e-04,9.556917606126328225e-04,2.522461855092646035e-04,7.154087635153865213e-03,1.249161629685617222e-04,8.635223009660451940e-05,1.075760595925828907e-04,9.605989966187345949e-04,2.541020003688787294e-04,7.006741895659503519e-03,1.249161629685617764e-04,8.635223009660344875e-05,1.075760595925828907e-04
5.612723635655645921e+03,1.022409352020079700e-03,2.711072179566996498e-04,7.645653049969864702e-03,6.001714759965944999e-04,1.886954975547756007e-04,1.241978068289508624e-04,1.022409352020079700e-03,2.711072179566996498e-04,8.064108956625230806e-03,1.376465361481204780e-04,9.472051585689679151e-05,1.241978068289508624e-04,1.027817159691795041e-03,2.743508446729576913e-04,7.897997972345156131e-03,1.376465361481203696e-04,9.472051585689591059e-05,1.241978068289508624e-04
6.535115747828704116e+03,1.086635778173154028e-03,2.972678491347770713e-04,8.641876134540676935e-03,6.808743557454386818e-04,2.138534837354429650e-04,1.429754415094246342e-04,1.086635778173154028e-03,2.972678491347770713e-04,9.066774432061833894e-03,1.514776841482202399e-04,1.042147489719775388e-04,1.429754415094246342e-04,1.092385851610370951e-03,3.021157356789433185e-04,8.880017782130357473e-03,1.514776841482198876e-04,1.042147489719768883e-04,1.429754415094246342e-04
7.609107097277050343e+03,1.158147230080510195e-03,3.312475187886880696e-04,9.689986829758657008e-03,7.735809087847146399e-04,2.414756865409564918e-04,1.637388165939558356e-04,1.158147230080510195e-03,3.312475187886880696e-04,1.013649671229645798e-02,1.657399314181182582e-04,1.144465911862320163e-04,1.637388165939558356e-04,1.164007013815633639e-03,3.379868133181441418e-04,9.927745149959461488e-03,1.657399314181171198e-04,1.144465911862316504e-04,1.637388165939558356e-04
