tau_s,raw_ax_adev_rad_s_or_m_s2,raw_ay_adev_rad_s_or_m_s2,raw_az_adev_rad_s_or_m_s2,raw_gx_adev_rad_s_or_m_s2,raw_gy_adev_rad_s_or_m_s2,raw_gz_adev_rad_s_or_m_s2,raw+TC_ax_adev_rad_s_or_m_s2,raw+TC_ay_adev_rad_s_or_m_s2,raw+TC_az_adev_rad_s_or_m_s2,raw+TC_gx_adev_rad_s_or_m_s2,raw+TC_gy_adev_rad_s_or_m_s2,raw+TC_gz_adev_rad_s_or_m_s2
1.000522949282530404e-02,1.295934141880580349e-02,1.324397528161958340e-02,1.899969030482688212e-02,3.940442185672751426e-04,4.623730802685916590e-04,5.184477013779252531e-04,1.295935647467757156e-02,1.324397531472402099e-02,1.900010321658602078e-02,3.953138939645977159e-04,4.624030867606877837e-04,5.184561020182941330e-04
2.001045898565060807e-02,9.666330686149759294e-03,9.871816642279450382e-03,1.413937639941829916e-02,3.360921902394793008e-04,3.919182956080043806e-04,4.430909137163406954e-04,9.666360314276275720e-03,9.871816740699109957e-03,1.413977466732709021e-02,3.372550431943004134e-04,3.919459159289869410e-04,4.430984362042000987e-04
3.001568847847591037e-02,8.046303980654622920e-03,8.210221556600779541e-03,1.172985786938237837e-02,2.914428503307361007e-04,3.351158328679696655e-04,3.840282805247363781e-04,8.046324983257661587e-03,8.210221637708998640e-03,1.173022367938712264e-02,2.924935069625685569e-04,3.351399702907095182e-04,3.840346354124322546e-04
4.002091797130121614e-02,7.036985198953084851e-03,7.176331380345445446e-03,1.024507844387693642e-02,2.598321831193356555e-04,2.976475318919125177e-04,3.421279790846048531e-04,7.037001828419185874e-03,7.176331394886466611e-03,1.024544894014878943e-02,2.607946792851921253e-04,2.976693663792406657e-04,3.421341343079318696e-04
5.002614746412652191e-02,6.331648662596684601e-03,6.454437127739069691e-03,9.215842184978133636e-03,2.364797249954338557e-04,2.709745219272341769e-04,3.111100807890545042e-04,6.331670734652674812e-03,6.454437114097806225e-03,9.216211206611112094e-03,2.373770786147121937e-04,2.709947913698316862e-04,3.111158704652962977e-04
6.003137695695182074e-02,5.803712377603974931e-03,5.912166672784275288e-03,8.440887209251062007e-03,2.183645423572176745e-04,2.497613711225008231e-04,2.869999531484598659e-04,5.803735370345115656e-03,5.912166622050287965e-03,8.441239367470251831e-03,2.192124969395944153e-04,2.497804304913952005e-04,2.870052298228603486e-04
7.003660644977713345e-02,5.389104832247669681e-03,5.486824564380661517e-03,7.831224189204040800e-03,2.038637331210898054e-04,2.326906651191170056e-04,2.677163086943159143e-04,5.389131110010954469e-03,5.486824493827306692e-03,7.831542373465224388e-03,2.046714965376692094e-04,2.327084839200442090e-04,2.677212433080624525e-04
8.004183594260243229e-02,5.052683058599940526e-03,5.141768889522767630e-03,7.341200993491359475e-03,1.919575223183176717e-04,2.189141701892732491e-04,2.518308822133974206e-04,5.052710821788375384e-03,5.141768793909109146e-03,7.341486939637838390e-03,1.927312638327555779e-04,2.189310057199138359e-04,2.518356096385412045e-04
9.004706543542773112e-02,4.772132930083102659e-03,4.854356863516223579e-03,6.931737311834287874e-03,1.819465928142522727e-04,2.073550256519968800e-04,2.384386182205023479e-04,4.772160733630490675e-03,4.854356739410210786e-03,6.931995039149815158e-03,1.826925963604146964e-04,2.073709146366196042e-04,2.384431290579554783e-04
1.100575244210783427e-01,4.327056596847335575e-03,4.399967470951897559e-03,6.284138787193460467e-03,1.659990081315840368e-04,1.888864130120312935e-04,2.170712234969856440e-04,4.327086731781374165e-03,4.399967331601991813e-03,6.284337548541418100e-03,1.667021149584446097e-04,1.889009702740309716e-04,2.170754272112427317e-04
1.300679834067289542e-01,3.987623570408712487e-03,4.054349992438630035e-03,5.790247093865813661e-03,1.537497322229076945e-04,1.746472791237477934e-04,2.005614392330104837e-04,3.987653400587892576e-03,4.054349880373969532e-03,5.790406165419045327e-03,1.544221900506458002e-04,1.746607393456772489e-04,2.005651382118072486e-04
1.500784423923795519e-01,3.717143252071072358e-03,3.779886592407555833e-03,5.397137876207294856e-03,1.439485108732935096e-04,1.634663606135088585e-04,1.873085823410910555e-04,3.717174297672574262e-03,3.779886528960719940e-03,5.397276015411663595e-03,1.445995803208526269e-04,1.634788258418469432e-04,1.873117675274336275e-04
1.800941308708554622e-01,3.397893748823199115e-03,3.456407986113120730e-03,4.931603241221429665e-03,1.323368700577185679e-04,1.499406077986527612e-04,1.716051698625533251e-04,3.397924380031822067e-03,3.456407996262885005e-03,4.931728927399717591e-03,1.329628599726768155e-04,1.499522908991194801e-04,1.716079474244709062e-04
2.001045898565060877e-01,3.226277285313073565e-03,3.282237053496299753e-03,4.680439673166164084e-03,1.260454361472126690e-04,1.426920451343600168e-04,1.630900476021467647e-04,3.226305971125301326e-03,3.282237108793660627e-03,4.680570378755279093e-03,1.266586047099605783e-04,1.427034376217996574e-04,1.630925451745595387e-04
2.401255078278072830e-01,2.947694216689791813e-03,3.001169960963386701e-03,4.276522009212651958e-03,1.158502215326742143e-04,1.309536370202550994e-04,1.493139097437794530e-04,2.947718415856782383e-03,3.001170068818031188e-03,4.276680431541464607e-03,1.164450286062804175e-04,1.309643630521469275e-04,1.493158219597616096e-04
2.801464257991085338e-01,2.730566431197861514e-03,2.782011141791178657e-03,3.961584081468808895e-03,1.079213096656859826e-04,1.218523641998934810e-04,1.385772944487840110e-04,2.730589168050392458e-03,2.782011291989723231e-03,3.961757640225648316e-03,1.085041291068533582e-04,1.218626474797403621e-04,1.385787525196667926e-04
3.301725732632350141e-01,2.516840364814367306e-03,2.565680723827024664e-03,3.652637784165913438e-03,1.001328892436169972e-04,1.128910646992599203e-04,1.279649206221578767e-04,2.516858238918288221e-03,2.565680921991453541e-03,3.652814905539007815e-03,1.007066281471959005e-04,1.129008305271883837e-04,1.279655497684388478e-04
3.801987207273615499e-01,2.346036499154923252e-03,2.393054782843310069e-03,3.406845285275510171e-03,9.396170791940114961e-05,1.057785135243151690e-04,1.194541597342096495e-04,2.346052282889245395e-03,2.393055033423337283e-03,3.407027630005155221e-03,9.452834056181518550e-05,1.057875386794006009e-04,1.194540898101530601e-04
4.402300976843133706e-01,2.181259328416308100e-03,2.225767855368136153e-03,3.169534154970976049e-03,8.802705528142432481e-05,9.890781384854272331e-05,1.112075263821960176e-04,2.181271161989507996e-03,2.225768174450222427e-03,3.169721460121560988e-03,8.858417909232020181e-05,9.891617841920074573e-05,1.112069086653397004e-04
5.202719336269158168e-01,2.009038658119264697e-03,2.050108994269760846e-03,2.919168468014249514e-03,8.180141914299315226e-05,9.170469533101839143e-05,1.024502975706863636e-04,2.009044198868183400e-03,2.050109413871271501e-03,2.919365384230936718e-03,8.234449131396728969e-05,9.171248903277834862e-05,1.024492936712764188e-04
6.003137695695182074e-01,1.872557451079677904e-03,1.910996273160441190e-03,2.720269811050636359e-03,7.687113907959436127e-05,8.602544853361482173e-05,9.551996443127018792e-05,1.872556827158674284e-03,1.910996751402677584e-03,2.720480996032031539e-03,7.740103735739423672e-05,8.603256073487902656e-05,9.551897434971466942e-05
7.003660644977712790e-01,1.737339759798503698e-03,1.772362679838450708e-03,2.521084304137926474e-03,7.197136174624456470e-05,8.036225117932416684e-05,8.860206230719391265e-05,1.737330380591588013e-03,1.772363143414302025e-03,2.521310322471880059e-03,7.248856907117854113e-05,8.036820815654163210e-05,8.860141532307867741e-05
8.204288184116749205e-01,1.608568164202057440e-03,1.640794762671988387e-03,2.331075174650877688e-03,6.738396479906502300e-05,7.499166292231385935e-05,8.203625052269228422e-05,1.608550131067517557e-03,1.640795129393580500e-03,2.331283503029361621e-03,6.789121393932941834e-05,7.499676995835560269e-05,8.203612050482780816e-05
9.605020313112291319e-01,1.489398407313328966e-03,1.519045941634231860e-03,2.156202197967961327e-03,6.323878815636114592e-05,7.005878068977644177e-05,7.600559319336033261e-05,1.489371719350034585e-03,1.519046149772786646e-03,2.156385930074090906e-03,6.373985252346178547e-05,7.006345112145252751e-05,7.600580857154312327e-05
1.110580473703608684e+00,1.387531712297722765e-03,1.413993175184809692e-03,2.006462729749024319e-03,5.978137035482625666e-05,6.587154365482580844e-05,7.085310705521191156e-05,1.387498534116007962e-03,1.413993227632570236e-03,2.006642503514451375e-03,6.028000862022345749e-05,6.587596958668466476e-05,7.085336481225116200e-05
1.300679834067289597e+00,1.284301478297048948e-03,1.308147315163275424e-03,1.855290158891508565e-03,5.636344776463555236e-05,6.169531774110503146e-05,6.557975224470495264e-05,1.284268284293111273e-03,1.308147295915509717e-03,1.855480763289028400e-03,5.686219311595719773e-05,6.169944677259989315e-05,6.558018021763377706e-05
1.510789653416620970e+00,1.193646115562871802e-03,1.215930931725874671e-03,1.722629745282029060e-03,5.340310757642453111e-05,5.810065817692529029e-05,6.096856786523354474e-05,1.193614467593854221e-03,1.215930880964687533e-03,1.722850071426486199e-03,5.390252003490186627e-05,5.810394789123732643e-05,6.096914477544580096e-05
1.760920390737253483e+00,1.107645286050992339e-03,1.129698709963866286e-03,1.597470966968871650e-03,5.065233259936801182e-05,5.475619136339233831e-05,5.659315414555813256e-05,1.107619916420545577e-03,1.129698674777540861e-03,1.597749525105002103e-03,5.115409954947804794e-05,5.475774166730654007e-05,5.659433307930784884e-05
2.051072046029187135e+00,1.028918003671319085e-03,1.051511796873248576e-03,1.481526099980855563e-03,4.818220657007438727e-05,5.174954757237203634e-05,5.253663239702296555e-05,1.028904126899166712e-03,1.051511736206416124e-03,1.481875614140969535e-03,4.868470979654287474e-05,5.174930346776823026e-05,5.253933088925389640e-05
2.391249848785247600e+00,9.563972634885609374e-04,9.798040307318844032e-04,1.373971760620980786e-03,4.595982610721157351e-05,4.898610938775005316e-05,4.878426039898435003e-05,9.563947702781271489e-04,9.798039352415289800e-04,1.374368774724870788e-03,4.646027776271851868e-05,4.898365650320942236e-05,4.878881834070423627e-05
2.781453799005434657e+00,8.899881606521861926e-04,9.147464886560671346e-04,1.275891488780803943e-03,4.401620576096205431e-05,4.650218962490968344e-05,4.539780620419595108e-05,8.899982205295898412e-04,9.147463671619831356e-04,1.276339827064849148e-03,4.451168580919111510e-05,4.649700061281017579e-05,4.540436933044756003e-05
3.241694355675398320e+00,8.278618606798565345e-04,8.530751976751487246e-04,1.183574901301440337e-03,4.227028543938539173e-05,4.422394818400245098e-05,4.226035812904801526e-05,8.278894701641270875e-04,8.530750457155661121e-04,1.184079365620072620e-03,4.275607350925619273e-05,4.421597009146987784e-05,4.226962641090687415e-05
3.771971518795139477e+00,7.713093271705713126e-04,7.971245309494818295e-04,1.101027014751741360e-03,4.073274335993055879e-05,4.219731526376849690e-05,3.943162260938755793e-05,7.713637305087119598e-04,7.971244094392034279e-04,1.101585163144168942e-03,4.120520485377409699e-05,4.218582058638512737e-05,3.944317296318432438e-05
4.392295747350308588e+00,7.191591508876693604e-04,7.449237908411917783e-04,1.025426106774491013e-03,3.933521300288675399e-05,4.038382964767200375e-05,3.688841257622065440e-05,7.192481613197737513e-04,7.449238041674081023e-04,1.026026933706105466e-03,3.978607390889231355e-05,4.036878775254750949e-05,3.690202894752316412e-05
5.122677500326555666e+00,6.694116716236117245e-04,6.961714270814744468e-04,9.554683707085010131e-04,3.806633279597590111e-05,3.878106142705790523e-05,3.453195594543861024e-05,6.695423704892119760e-04,6.961716384824433342e-04,9.560945475954873984e-04,3.848563329749636174e-05,3.876345210111104575e-05,3.454764691605199738e-05
5.963116777723881157e+00,6.251337787943561999e-04,6.514330100050728153e-04,8.933670365495917495e-04,3.695557277346934105e-05,3.739099149890192855e-05,3.240177604283623800e-05,6.253156071611533709e-04,6.514333966639116597e-04,8.939970603874405983e-04,3.733046158562942950e-05,3.737102227150564240e-05,3.241961597195265290e-05
6.943629268020760748e+00,5.837754950969633455e-04,6.102130194036503108e-04,8.361337286693562706e-04,3.599039686526725852e-05,3.615728039902028641e-05,3.044808943986979720e-05,5.840146483994722391e-04,6.102137132076114251e-04,8.367574064044922379e-04,3.630257626196275512e-05,3.613442208328731078e-05,3.046852248409610901e-05
8.084225430202845786e+00,5.449059857766885102e-04,5.723461170731266364e-04,7.831962226632268329e-04,3.516812979470075704e-05,3.507808658518747760e-05,2.860365973081848844e-05,5.452068457582036082e-04,5.723471180093036778e-04,7.838071970768859236e-04,3.540142177743461525e-05,3.505119735627064236e-05,2.862810176448055103e-05
9.414920952748611072e+00,5.086080119876633778e-04,5.377421386379743805e-04,7.342639855877129782e-04,3.450174845409237080e-05,3.410173743988274294e-05,2.685743078537949945e-05,5.089862150957893874e-04,5.377434010152449140e-04,7.348742626499647638e-04,3.463378732441974939e-05,3.406907751596685287e-05,2.688748046245826613e-05
1.095572629464370706e+01,4.765617481195456081e-04,5.059656600583951327e-04,6.888208549180243213e-04,3.396690425133452916e-05,3.324680986028397085e-05,2.524494224240353415e-05,4.770333609363450731e-04,5.059673200432748298e-04,6.894522348776736375e-04,3.396959545263700605e-05,3.320627959074287151e-05,2.528245163792360598e-05
1.275666760335226257e+01,4.474459072327695232e-04,4.768450856323674545e-04,6.469670420384376463e-04,3.355617816434799570e-05,3.250370860484167086e-05,2.375038465042132147e-05,4.480275821905140986e-04,4.768471925514699639e-04,6.476528133735972876e-04,3.339780394509674560e-05,3.245321005108782686e-05,2.379870879972233692e-05
1.485776579684557674e+01,4.209198851273578145e-04,4.501196821159488123e-04,6.096466117504723654e-04,3.326471648462474805e-05,3.188233587986956900e-05,2.238524082673204067e-05,4.216402000697799519e-04,4.501219725921938976e-04,6.104206729815184673e-04,3.290355338920158257e-05,3.181983836424219942e-05,2.244881219733078266e-05
1.729904179309495049e+01,3.974858101141733285e-04,4.261039488487024587e-04,5.758517100525514234e-04,3.305581711593395111e-05,3.135684064751394397e-05,2.120262045114441218e-05,3.983866815697961836e-04,4.261060514772061674e-04,5.767928200560252724e-04,3.243903736692103906e-05,3.127876917419017546e-05,2.128688309734325698e-05
2.014052696905733697e+01,3.757060431523088313e-04,4.038537442017345498e-04,5.458581924759114880e-04,3.294425159320655649e-05,3.092402883667575428e-05,2.015080174820559801e-05,3.768274181394629845e-04,4.038551279367442082e-04,5.471007565422031415e-04,3.201188406242138203e-05,3.082472935919735457e-05,2.026161320135638915e-05
2.345225793118251190e+01,3.559253513986691602e-04,3.834006706835535569e-04,5.209110044069641468e-04,3.297367786935461289e-05,3.058880655302620937e-05,1.921757840010336854e-05,3.573410718313531549e-04,3.834008037968357810e-04,5.225723471599362253e-04,3.164931508915178613e-05,3.046136558076074436e-05,1.936191502139055274e-05
2.730427128592025454e+01,3.378267134440358921e-04,3.650107479733982556e-04,4.991654533280392601e-04,3.316213876457575635e-05,3.032598480330929989e-05,1.839889484295565716e-05,3.396462759166680740e-04,3.650092183877001913e-04,5.013000226328651878e-04,3.135557454408386568e-05,3.016324343464566368e-05,1.858444712867463481e-05
3.179661932819881542e+01,3.222026099795073911e-04,3.480366689866707199e-04,4.812031270706389305e-04,3.360337585304497954e-05,3.015279341178362182e-05,1.766279494128646725e-05,3.245543175112602409e-04,3.480332342830868880e-04,4.835912158866978536e-04,3.121595153284223000e-05,2.994825965539232949e-05,1.790042238683093028e-05
3.701934912345362250e+01,3.097760671455905709e-04,3.319874277544569686e-04,4.679699072351503858e-04,3.430268568212477195e-05,3.009330958590280316e-05,1.700473370754537105e-05,3.128213275039863519e-04,3.319821360820625908e-04,4.700794045678586891e-04,3.121557915727596870e-05,2.984130143460364816e-05,1.730995232669712880e-05
4.311253388458423785e+01,2.994914677205271674e-04,3.172686846056388334e-04,4.600498560580381768e-04,3.523534674329512517e-05,3.009103116554566270e-05,1.639904097918630206e-05,3.034420164329509331e-04,3.172609960379290371e-04,4.612718900288688786e-04,3.133055895784514451e-05,2.978641774697366666e-05,1.679794782781598802e-05
5.019623636550455359e+01,2.915766626547930591e-04,3.038394351800092997e-04,4.571576757544380571e-04,3.641765068122758127e-05,3.011642156585894346e-05,1.584950741604551134e-05,2.966476702900541274e-04,3.038287627454471168e-04,4.565078093364828538e-04,3.158458587890168243e-05,2.975878234170026141e-05,1.637904269876292839e-05
5.844054546759259949e+01,2.853129215095638821e-04,2.909972963057655469e-04,4.595520106055905776e-04,3.783605758983743473e-05,3.021469250048350002e-05,1.540004674551994227e-05,2.917875630587319670e-04,2.909829163053344108e-04,4.559372306476407524e-04,3.194772051433079305e-05,2.980158195356627743e-05,1.609448824288374011e-05
6.804556578070489081e+01,2.798546522542908963e-04,2.783256216695112278e-04,4.683121358513271746e-04,3.945069828321486402e-05,3.039184485278474785e-05,1.502575989246290602e-05,2.881028532968533018e-04,2.783068058355513109e-04,4.603792244175917872e-04,3.235503333384482380e-05,2.991528264847619542e-05,1.591730513914230000e-05
7.923141235368358082e+01,2.752537503444999552e-04,2.661770181013256510e-04,4.827946839440742130e-04,4.128160679942299155e-05,3.062723361774408361e-05,1.472964685306303026e-05,2.856306075623070927e-04,2.661539056917156735e-04,4.685160860782970897e-04,3.278368402253211192e-05,3.007735791584569053e-05,1.583830335714948251e-05
9.225822115334213436e+01,2.712455259134916659e-04,2.547652185739485500e-04,5.034773899725636858e-04,4.335613663505488333e-05,3.095741615085275951e-05,1.453288151545227682e-05,2.840717035115841640e-04,2.547386223221330208e-04,4.807584333950193291e-04,3.320155844938142004e-05,3.032414959611132960e-05,1.586093099276856533e-05
1.074161438349724591e+02,2.674201881592329160e-04,2.444547443044343439e-04,5.318232340293596464e-04,4.565053732087266935e-05,3.139654087621344177e-05,1.437934126261911807e-05,2.831211613276822807e-04,2.444258385052997451e-04,4.986072433295519069e-04,3.355406031586032929e-05,3.065315650528487322e-05,1.594596963539860900e-05
1.250753738898091285e+02,2.637665102974362193e-04,2.360067988103577348e-04,5.677503278730429556e-04,4.817179210686012818e-05,3.193065878257872817e-05,1.427967020681420827e-05,2.826706830145726368e-04,2.359788431401087792e-04,5.220292919864570657e-04,3.381780643806023577e-05,3.104017505261687319e-05,1.611184436251638711e-05
1.456261152680723114e+02,2.607830320550333781e-04,2.296760613870469769e-04,6.105517684671569632e-04,5.099635439168944713e-05,3.253857644288396479e-05,1.430185371523382530e-05,2.832090962618233061e-04,2.296520994347850343e-04,5.503951171893083517e-04,3.406978161084808104e-05,3.145308724182249547e-05,1.641501695185197850e-05
1.695586242149104237e+02,2.593453745484240866e-04,2.239577005857762112e-04,6.618537188090522182e-04,5.414729315854085415e-05,3.323491256795561708e-05,1.448799224105066628e-05,2.856234984634378835e-04,2.239376953946495589e-04,5.857026301886708976e-04,3.428651395086229338e-05,3.189503508201233320e-05,1.688491941109939435e-05
1.974231883524288946e+02,2.590353941459509735e-04,2.172686863030117701e-04,7.224916929960085782e-04,5.778095767256201924e-05,3.409317600930083695e-05,1.485423224227882787e-05,2.894343267564701149e-04,2.172518076168932942e-04,6.284869456727267987e-04,3.451577553612611318e-05,3.245497857656674839e-05,1.750315269141694603e-05
2.298701475976613722e+02,2.598155815732359044e-04,2.099332580907859228e-04,7.931865957962582273e-04,6.206793845913150507e-05,3.519481191139617619e-05,1.539408631427627825e-05,2.944888031043928602e-04,2.099169352411297531e-04,6.794412791793864523e-04,3.483084428725712842e-05,3.323251355349964210e-05,1.826276210321606385e-05
2.676498941625696943e+02,2.611757193225100774e-04,2.020926062123839639e-04,8.757630181642968867e-04,6.719585167134761847e-05,3.655759193078280729e-05,1.605220468908915253e-05,3.003175844452125810e-04,2.020753154623688931e-04,7.403592472709624988e-04,3.529446095586071224e-05,3.423597525460455188e-05,1.911221694430036318e-05
3.116328830130297547e+02,2.630689547727235928e-04,1.949860257928886782e-04,9.719957033715392013e-04,7.351194376401022786e-05,3.822029273659554010e-05,1.675367586336072719e-05,3.074137626658153544e-04,1.949711169433619501e-04,8.130798568305244722e-04,3.598766179629494968e-05,3.544482270697252920e-05,2.001220671655367899e-05
3.628496527868024941e+02,2.648826590749071472e-04,1.914795008557645375e-04,1.084033160924609230e-03,8.126087973808183930e-05,4.025420249143170788e-05,1.750897365697572916e-05,3.162876068854083038e-04,1.914825146979887182e-04,9.022070366629555797e-04,3.696455447912721148e-05,3.689033626550215203e-05,2.106294275405015223e-05
4.224808205640412666e+02,2.670932910653121372e-04,1.909767460582220732e-04,1.213093856112609130e-03,9.039245084351857590e-05,4.262837014175206615e-05,1.836373601450718091e-05,3.276863621787339366e-04,1.910191062150681351e-04,1.010151318663140511e-03,3.827882497539945801e-05,3.851785069540117058e-05,2.239883450125921692e-05
4.919171132442489238e+02,2.708813307077936124e-04,1.916849096912951822e-04,1.358356872310699168e-03,1.010248014183324133e-04,4.537341380351614563e-05,1.944050324465749742e-05,3.406691613194186936e-04,1.917937037362058093e-04,1.139997687494143227e-03,3.981886634501652925e-05,4.033258454202415222e-05,2.416573989645192047e-05
5.727593675462773035e+02,2.771461704692893793e-04,1.943518578126286517e-04,1.519393571566534295e-03,1.132607845045786052e-04,4.843980755091502219e-05,2.083862072793347622e-05,3.549691133103621875e-04,1.945448067251117881e-04,1.294860838260664115e-03,4.143302438875066381e-05,4.224675796515152827e-05,2.648795703250256869e-05
6.668885666147778011e+02,2.874869132243682967e-04,1.974067312610156759e-04,1.696779530153905841e-03,1.269326509316586556e-04,5.179871649172662032e-05,2.260712523482005473e-05,3.693751846938242195e-04,1.977077333661512364e-04,1.477597868379483103e-03,4.330730998513609498e-05,4.415251862566659593e-05,2.940124552740968136e-05
7.764858504791861833e+02,3.029191494976319027e-04,1.983636610654639911e-04,1.890013693021887122e-03,1.423028239567013643e-04,5.545036272170245881e-05,2.478569205598633705e-05,3.825842657362877328e-04,1.988189219504220046e-04,1.690381994266241736e-03,4.548573696071805267e-05,4.598640826228461194e-05,3.293483451298248030e-05
9.040925474306801561e+02,3.248699138605296586e-04,1.992172927995419503e-04,2.101830655234507555e-03,1.591852722527123463e-04,5.912503361901801790e-05,2.740539566824946917e-05,3.945280500608684291e-04,1.998401292633054742e-04,1.935675717357665006e-03,4.810093431303730075e-05,4.761885289244664694e-05,3.714181520211164801e-05
1.052670205399135966e+03,3.539986855037750087e-04,1.986556350370346775e-04,2.331680017838614304e-03,1.774136818474175204e-04,6.299817286708290771e-05,3.046985642554091023e-05,4.091253020354571209e-04,1.994364140728501920e-04,2.212894655061966882e-03,5.136186541879541478e-05,4.904048960273418037e-05,4.203925497416882164e-05
1.225670628559578290e+03,3.897355876419786921e-04,1.966244560256120543e-04,2.578694176526936162e-03,1.974232683850866261e-04,6.754177940275359570e-05,3.400058241632277032e-05,4.298588037190002919e-04,1.975771069094658678e-04,2.519752954713102081e-03,5.507665058759098113e-05,5.048688417554779748e-05,4.770944214378995078e-05
1.427095908709137348e+03,4.323452139193028395e-04,1.954890684315243069e-04,2.843144531629178753e-03,2.191992376930055773e-04,7.272231029562280019e-05,3.793627743388665910e-05,4.559736399155951561e-04,1.965430340054212326e-04,2.853551938839913107e-03,5.934018197399332608e-05,5.219545883172029617e-05,5.427237802361760161e-05
1.661628493250455222e+03,4.820933927365713529e-04,1.969404533092404541e-04,3.126081106132235117e-03,2.435133781065026482e-04,7.911742935488720976e-05,4.239446245726994185e-05,4.858983247325305405e-04,1.980182383160484008e-04,3.212333763174327061e-03,6.394350540086886814e-05,5.449819585231954999e-05,6.181585562529715266e-05
1.934701221798136203e+03,5.377661279267984549e-04,2.021383660248246615e-04,3.429651119601949578e-03,2.706096684322936165e-04,8.711301418733990586e-05,4.750638643864565241e-05,5.233652841411827244e-04,2.032665872077069264e-04,3.593815301110002153e-03,6.900747302228907472e-05,5.763608507517452740e-05,7.035013479551504364e-05
2.252647404621138776e+03,5.984150912089759551e-04,2.104756822259635000e-04,3.770459844167415968e-03,3.006486027477424904e-04,9.640043225339128212e-05,5.357623435496275323e-05,5.730070302084563395e-04,2.116833530102051053e-04,4.009478030926735478e-03,7.533285367300247587e-05,6.150641117529811823e-05,7.997916273963005481e-05
2.622850901085167607e+03,6.665119554455456539e-04,2.179941312853662862e-04,4.175973074167711394e-03,3.347687679455911688e-04,1.067384510101387478e-04,6.096355984443743644e-05,6.345259691177380316e-04,2.192249977992601409e-04,4.480808729482895283e-03,8.304010727165614847e-05,6.569511792562827425e-05,9.083011208908535103e-05
3.053896198095067575e+03,7.388375737154580626e-04,2.255741009270728300e-04,4.663870993428509241e-03,3.735463801945467345e-04,1.180918852707617717e-04,6.991044210858965999e-05,7.047309794401869238e-04,2.268700529354222958e-04,5.020316005860172952e-03,9.206619992015933462e-05,6.971536995724252690e-05,1.029950723915981132e-04
3.555768514684677484e+03,8.117392981087999219e-04,2.329267240910377250e-04,5.244945632292004334e-03,4.175569503857787267e-04,1.313325963190597058e-04,8.055742758320234636e-05,7.803183793976738733e-04,2.343030415292451810e-04,5.636323560778756271e-03,1.022588864589248829e-04,7.413328281432336861e-05,1.166602959458597352e-04
4.140123943213139682e+03,8.840353945429864184e-04,2.405594406717282189e-04,5.933903850816494435e-03,4.691033518884789246e-04,1.471897283060767593e-04,9.308000460799211210e-05,8.591525787096249969e-04,2.418802790622470332e-04,6.344619460369642708e-03,1.132076213959701770e-04,7.943673009676809321e-05,1.321319212712431434e-04
4.820519569643231080e+03,9.556917606126306541e-04,2.522461855092656335e-04,6.736865156366583611e-03,5.298211541302480423e-04,1.663676448687183762e-04,1.075760595925831346e-04,9.390397609041132828e-04,2.533844470485361005e-04,7.154087635154314506e-03,1.249161629685640804e-04,8.635223009659816326e-05,1.495987042466074548e-04
5.612723635655645921e+03,1.022409352020075581e-03,2.711072179567008424e-04,7.645653049969864702e-03,6.001714759965941746e-04,1.886954975547751128e-04,1.241978068289510792e-04,1.016146847067766730e-03,2.719138517092611527e-04,8.064108956625667957e-03,1.376465361481177404e-04,9.472051585689067932e-05,1.692978782949712590e-04
6.535115747828704116e+03,1.086635778173153594e-03,2.972678491347759328e-04,8.641876134540673465e-03,6.808743557454380313e-04,2.138534837354430734e-04,1.429754415094244445e-04,1.088147948617649739e-03,2.976516270428127063e-04,9.066774432062250227e-03,1.514776841482111055e-04,1.042147489719706812e-04,1.911976586401726403e-04
7.609107097277050343e+03,1.158147230080511497e-03,3.312475187886889370e-04,9.689986829758674355e-03,7.735809087847129051e-04,2.414756865409558684e-04,1.637388165939559440e-04,1.149869680298311585e-03,3.311932951957071510e-04,1.013649671229685523e-02,1.657399314181018054e-04,1.144465911862244269e-04,2.148482875548563236e-04
