stage,axis,arw_vrw,arw_vrw_unit,bias_instability,bias_instability_unit,rrw,rrw_unit,rate_ramp,rate_ramp_unit
raw,ax,0.08671546158860062,m/s/sqrt(h),0.040109204130924135,mg,0.14244544309503784,mg/sqrt(h),,mg/h
raw+TC,ax,0.08671618365001607,m/s/sqrt(h),0.04386369159497651,mg,0.1301158306001781,mg/sqrt(h),,mg/h
raw,ay,0.08823908366620935,m/s/sqrt(h),0.030316091026782305,mg,0.040241761948176705,mg/sqrt(h),,mg/h
raw+TC,ay,0.08823908683730435,m/s/sqrt(h),0.03041000121629545,mg,0.04023517456926221,mg/sqrt(h),,mg/h
raw,az,0.12573642555390904,m/s/sqrt(h),0.07191949964787958,mg,0.5449102528507997,mg/sqrt(h),0.7440874595037108,mg/h
raw+TC,az,0.1257410834177783,m/s/sqrt(h),0.07195082063478948,mg,0.4833326598726992,mg/sqrt(h),1.130181345965043,mg/h
raw,gx,0.1917079910540302,deg/sqrt(h),10.333343826153186,deg/h,89.26336990403736,deg/h/sqrt(h),0.03305181584361364,deg/s per h
raw+TC,gx,0.19257507342307312,deg/sqrt(h),9.811428443834988,deg/h,33.93373265966527,deg/h/sqrt(h),,deg/s per h
raw,gy,0.2187474150404757,deg/sqrt(h),9.385885081969615,deg/h,42.15042587461786,deg/h/sqrt(h),0.010370609748276789,deg/s per h
raw+TC,gy,0.2187644594426845,deg/sqrt(h),9.292876474872086,deg/h,27.101556636449633,deg/h/sqrt(h),,deg/s per h
raw,gz,0.25365762923417096,deg/sqrt(h),4.514490948790319,deg/h,19.15113655261467,deg/h/sqrt(h),0.006558177763260663,deg/s per h
raw+TC,gz,0.2536562202594512,deg/sqrt(h),4.999588101000881,deg/h,24.300228225094926,deg/h/sqrt(h),0.010851907547472592,deg/s per h
