tau_s,accel_x_adev_si,accel_y_adev_si,accel_z_adev_si,gyro_x_adev_si,gyro_y_adev_si,gyro_z_adev_si
1.000000000000000021e-02,1.295934141880483378e-02,1.324397528161990259e-02,1.900010321658658630e-02,3.953138939645718577e-04,4.624030867606798690e-04,5.184477013779321920e-04
2.000000000000000042e-02,9.666330686149401941e-03,9.871816642279665488e-03,1.413977466732743542e-02,3.372550431942955887e-04,3.919459159289842305e-04,4.430909137163717578e-04
2.999999999999999889e-02,8.046303980654296792e-03,8.210221556601065770e-03,1.173022367938701162e-02,2.924935069625627564e-04,3.351399702907106024e-04,3.840282805247535627e-04
4.000000000000000083e-02,7.036985198952860204e-03,7.176331380345606775e-03,1.024544894014875820e-02,2.607946792851875716e-04,2.976693663792412078e-04,3.421279790846020342e-04
5.000000000000000278e-02,6.331648662596486843e-03,6.454437127739197193e-03,9.216211206611172810e-03,2.373770786147084803e-04,2.709947913698318488e-04,3.111100807890555884e-04
5.999999999999999778e-02,5.803712377603798857e-03,5.912166672784394117e-03,8.441239367470362853e-03,2.192124969395911355e-04,2.497804304913952005e-04,2.869999531484637690e-04
7.000000000000000666e-02,5.389104832247575139e-03,5.486824564380831520e-03,7.831542373465260817e-03,2.046714965376654960e-04,2.327084839200433146e-04,2.677163086943267021e-04
8.000000000000000167e-02,5.052683058599889351e-03,5.141768889522966256e-03,7.341486939637873951e-03,1.927312638327507803e-04,2.189310057199132667e-04,2.518308822134116779e-04
8.999999999999999667e-02,4.772132930083021994e-03,4.854356863516430011e-03,6.931995039149774392e-03,1.826925963604108204e-04,2.073709146366194958e-04,2.384386182205132441e-04
1.100000000000000006e-01,4.327056596847271390e-03,4.399967470952093583e-03,6.284337548541317486e-03,1.667021149584423329e-04,1.889009702740307819e-04,2.170712234969903061e-04
1.300000000000000044e-01,3.987623570408666517e-03,4.054349992438800038e-03,5.790406165418992418e-03,1.544221900506447160e-04,1.746607393456784958e-04,2.005614392330139803e-04
1.499999999999999944e-01,3.717143252071002102e-03,3.779886592407695912e-03,5.397276015411687014e-03,1.445995803208508922e-04,1.634788258418482714e-04,1.873085823410911097e-04
1.799999999999999933e-01,3.397893748823155747e-03,3.456407986113240426e-03,4.931728927399716723e-03,1.329628599726749181e-04,1.499522908991204558e-04,1.716051698625532709e-04
2.000000000000000111e-01,3.226277285313049279e-03,3.282237053496412510e-03,4.680570378755244398e-03,1.266586047099585726e-04,1.427034376218002808e-04,1.630900476021467376e-04
2.399999999999999911e-01,2.947694216689774032e-03,3.001169960963488616e-03,4.276680431541459403e-03,1.164450286062781813e-04,1.309643630521477677e-04,1.493139097437798325e-04
2.800000000000000266e-01,2.730566431197845034e-03,2.782011141791283174e-03,3.961757640225591938e-03,1.085041291068512576e-04,1.218626474797407280e-04,1.385772944487838755e-04
3.300000000000000155e-01,2.516840364814360367e-03,2.565680723827126579e-03,3.652814905538979192e-03,1.007066281471944233e-04,1.129008305271886819e-04,1.279649206221566027e-04
3.800000000000000044e-01,2.346036499154925421e-03,2.393054782843406780e-03,3.407027630005138742e-03,9.452834056181414195e-05,1.057875386794008855e-04,1.194541597342082130e-04
4.400000000000000022e-01,2.181259328416303329e-03,2.225767855368226793e-03,3.169721460121555350e-03,8.858417909231948353e-05,9.891617841920090836e-05,1.112075263821952180e-04
5.200000000000000178e-01,2.009038658119256891e-03,2.050108994269840643e-03,2.919365384230958402e-03,8.234449131396661206e-05,9.171248903277866033e-05,1.024502975706855775e-04
5.999999999999999778e-01,1.872557451079672917e-03,1.910996273160511013e-03,2.720480996032063632e-03,7.740103735739384369e-05,8.603256073487912142e-05,9.551996443127018792e-05
7.000000000000000666e-01,1.737339759798503915e-03,1.772362679838516194e-03,2.521310322471896972e-03,7.248856907117805324e-05,8.036820815654152367e-05,8.860206230719360095e-05
8.200000000000000622e-01,1.608568164202057007e-03,1.640794762672046934e-03,2.331283503029370294e-03,6.789121393932912019e-05,7.499676995835550782e-05,8.203625052269208093e-05
9.599999999999999645e-01,1.489398407313330484e-03,1.519045941634285420e-03,2.156385930074105218e-03,6.373985252346166350e-05,7.006345112145250041e-05,7.600559319336035971e-05
1.110000000000000098e+00,1.387531712297723633e-03,1.413993175184858047e-03,2.006642503514459615e-03,6.028000862022336263e-05,6.587596958668458344e-05,7.085310705521187091e-05
1.300000000000000044e+00,1.284301478297045045e-03,1.308147315163318142e-03,1.855480763289038158e-03,5.686219311595696734e-05,6.169944677259977118e-05,6.557975224470476291e-05
1.510000000000000009e+00,1.193646115562869633e-03,1.215930931725914136e-03,1.722850071426490536e-03,5.390252003490158167e-05,5.810394789123723833e-05,6.096856786523360572e-05
1.760000000000000009e+00,1.107645286050991471e-03,1.129698709963903149e-03,1.597749525105001886e-03,5.115409954947774978e-05,5.475774166730647231e-05,5.659315414555828163e-05
2.049999999999999822e+00,1.028918003671320169e-03,1.051511796873283921e-03,1.481875614140969752e-03,4.868470979654261724e-05,5.174930346776818960e-05,5.253663239702314173e-05
2.390000000000000124e+00,9.563972634885633227e-04,9.798040307319184471e-04,1.374368774724868836e-03,4.646027776271831539e-05,4.898365650320938170e-05,4.878426039898459398e-05
2.780000000000000249e+00,8.899881606521904210e-04,9.147464886561000943e-04,1.276339827064850883e-03,4.451168580919101346e-05,4.649700061281015546e-05,4.539780620419639153e-05
3.240000000000000213e+00,8.278618606798588114e-04,8.530751976751799496e-04,1.184079365620073704e-03,4.275607350925613852e-05,4.421597009146985074e-05,4.226035812904829309e-05
3.770000000000000018e+00,7.713093271705732641e-04,7.971245309495112114e-04,1.101585163144169158e-03,4.120520485377403600e-05,4.218582058638510027e-05,3.943162260938780188e-05
4.389999999999999680e+00,7.191591508876703362e-04,7.449237908412188833e-04,1.026026933706108068e-03,3.978607390889223901e-05,4.036878775254748917e-05,3.688841257622083736e-05
5.120000000000000107e+00,6.694116716236119414e-04,6.961714270814990582e-04,9.560945475954898921e-04,3.848563329749629398e-05,3.876345210111103220e-05,3.453195594543869156e-05
5.959999999999999964e+00,6.251337787943572841e-04,6.514330100050960172e-04,8.939970603874433088e-04,3.733046158562940240e-05,3.737102227150561530e-05,3.240177604283633964e-05
6.940000000000000391e+00,5.837754950969641045e-04,6.102130194036719949e-04,8.367574064044973337e-04,3.630257626196270769e-05,3.613442208328730400e-05,3.044808943986994628e-05
8.080000000000000071e+00,5.449059857766892691e-04,5.723461170731462605e-04,7.838071970768903688e-04,3.540142177743458814e-05,3.505119735627065591e-05,2.860365973081865784e-05
9.410000000000000142e+00,5.086080119876642451e-04,5.377421386379922699e-04,7.348742626499681248e-04,3.463378732441972229e-05,3.406907751596684609e-05,2.685743078537969258e-05
1.095000000000000107e+01,4.765617481195462044e-04,5.059656600584115042e-04,6.894522348776767817e-04,3.396959545263699928e-05,3.320627959074288506e-05,2.524494224240371711e-05
1.275000000000000000e+01,4.474459072327699027e-04,4.768450856323826876e-04,6.476528133735992392e-04,3.339780394509673882e-05,3.245321005108784719e-05,2.375038465042146377e-05
1.484999999999999964e+01,4.209198851273577061e-04,4.501196821159632322e-04,6.104206729815189010e-04,3.290355338920156902e-05,3.181983836424220620e-05,2.238524082673214231e-05
1.728999999999999915e+01,3.974858101141732201e-04,4.261039488487158486e-04,5.767928200560257061e-04,3.243903736692104584e-05,3.127876917419017546e-05,2.120262045114449010e-05
2.012999999999999901e+01,3.757060431523091023e-04,4.038537442017471808e-04,5.471007565422035751e-04,3.201188406242137525e-05,3.082472935919737490e-05,2.015080174820566917e-05
2.344000000000000128e+01,3.559253513986692687e-04,3.834006706835657000e-04,5.225723471599367674e-04,3.164931508915179968e-05,3.046136558076074436e-05,1.921757840010343291e-05
2.728999999999999915e+01,3.378267134440362716e-04,3.650107479734103987e-04,5.013000226328654047e-04,3.135557454408387245e-05,3.016324343464565013e-05,1.839889484295572492e-05
3.178000000000000114e+01,3.222026099795076079e-04,3.480366689866832967e-04,4.835912158866982331e-04,3.121595153284222323e-05,2.994825965539233288e-05,1.766279494128651808e-05
3.700000000000000000e+01,3.097760671455907335e-04,3.319874277544692743e-04,4.700794045678589601e-04,3.121557915727597547e-05,2.984130143460364816e-05,1.700473370754541848e-05
4.309000000000000341e+01,2.994914677205269505e-04,3.172686846056509764e-04,4.612718900288694749e-04,3.133055895784514451e-05,2.978641774697367682e-05,1.639904097918634950e-05
5.017000000000000171e+01,2.915766626547926796e-04,3.038394351800210633e-04,4.565078093364832875e-04,3.158458587890167565e-05,2.975878234170025802e-05,1.584950741604554522e-05
5.841000000000000369e+01,2.853129215095636653e-04,2.909972963057769310e-04,4.559372306476410235e-04,3.194772051433079305e-05,2.980158195356626049e-05,1.540004674551996938e-05
6.801000000000000512e+01,2.798546522542906794e-04,2.783256216695213108e-04,4.603792244175918956e-04,3.235503333384483058e-05,2.991528264847619203e-05,1.502575989246292466e-05
7.918999999999999773e+01,2.752537503444996299e-04,2.661770181013342704e-04,4.685160860782973608e-04,3.278368402253211870e-05,3.007735791584568714e-05,1.472964685306303364e-05
9.221000000000000796e+01,2.712455259134912864e-04,2.547652185739554889e-04,4.807584333950192749e-04,3.320155844938141326e-05,3.032414959611131944e-05,1.453288151545227513e-05
1.073599999999999994e+02,2.674201881592324281e-04,2.444547443044397649e-04,4.986072433295519069e-04,3.355406031586033607e-05,3.065315650528486644e-05,1.437934126261911129e-05
1.250100000000000051e+02,2.637665102974357857e-04,2.360067988103624781e-04,5.220292919864571741e-04,3.381780643806022899e-05,3.104017505261685964e-05,1.427967020681420658e-05
1.455500000000000114e+02,2.607830320550329987e-04,2.296760613870515305e-04,5.503951171893084601e-04,3.406978161084807426e-05,3.145308724182250903e-05,1.430185371523383546e-05
1.694699999999999989e+02,2.593453745484233818e-04,2.239577005857807377e-04,5.857026301886706808e-04,3.428651395086229338e-05,3.189503508201233997e-05,1.448799224105066120e-05
1.973199999999999932e+02,2.590353941459502688e-04,2.172686863030158359e-04,6.284869456727270156e-04,3.451577553612610640e-05,3.245497857656674161e-05,1.485423224227881262e-05
2.297500000000000000e+02,2.598155815732352538e-04,2.099332580907890670e-04,6.794412791793863439e-04,3.483084428725713520e-05,3.323251355349965565e-05,1.539408631427628164e-05
2.675099999999999909e+02,2.611757193225093727e-04,2.020926062123856715e-04,7.403592472709627156e-04,3.529446095586071224e-05,3.423597525460455188e-05,1.605220468908914914e-05
3.114700000000000273e+02,2.630689547727227797e-04,1.949860257928891661e-04,8.130798568305243638e-04,3.598766179629493613e-05,3.544482270697254275e-05,1.675367586336072719e-05
3.626600000000000250e+02,2.648826590749063341e-04,1.914795008557644020e-04,9.022070366629548208e-04,3.696455447912721148e-05,3.689033626550215880e-05,1.750897365697572238e-05
4.222599999999999909e+02,2.670932910653110530e-04,1.909767460582215853e-04,1.010151318663140511e-03,3.827882497539943768e-05,3.851785069540116381e-05,1.836373601450717074e-05
4.916600000000000250e+02,2.708813307077925824e-04,1.916849096912945588e-04,1.139997687494142577e-03,3.981886634501654280e-05,4.033258454202415900e-05,1.944050324465749065e-05
5.724600000000000364e+02,2.771461704692883493e-04,1.943518578126283806e-04,1.294860838260663682e-03,4.143302438875066381e-05,4.224675796515153504e-05,2.083862072793346944e-05
6.665399999999999636e+02,2.874869132243671583e-04,1.974067312610164890e-04,1.477597868379483103e-03,4.330730998513608143e-05,4.415251862566658915e-05,2.260712523482006150e-05
7.760800000000000409e+02,3.029191494976308185e-04,1.983636610654662680e-04,1.690381994266241736e-03,4.548573696071806622e-05,4.598640826228459839e-05,2.478569205598630317e-05
9.036200000000000045e+02,3.248699138605284659e-04,1.992172927995468292e-04,1.935675717357664789e-03,4.810093431303730075e-05,4.761885289244664017e-05,2.740539566824943868e-05
1.052120000000000118e+03,3.539986855037722440e-04,1.986556350370423212e-04,2.212894655061967315e-03,5.136186541879541478e-05,4.904048960273417359e-05,3.046985642554090684e-05
1.225029999999999973e+03,3.897355876419762526e-04,1.966244560256232216e-04,2.519752954713099912e-03,5.507665058759098113e-05,5.048688417554780426e-05,3.400058241632272966e-05
1.426350000000000136e+03,4.323452139193005085e-04,1.954890684315384829e-04,2.853551938839913975e-03,5.934018197399331930e-05,5.219545883172028940e-05,3.793627743388666587e-05
1.660759999999999991e+03,4.820933927365702687e-04,1.969404533092567714e-04,3.212333763174328363e-03,6.394350540086886814e-05,5.449819585231955677e-05,4.239446245726993508e-05
1.933690000000000055e+03,5.377661279267986717e-04,2.021383660248419003e-04,3.593815301109999985e-03,6.900747302228904762e-05,5.763608507517453417e-05,4.750638643864564563e-05
2.251470000000000255e+03,5.984150912089755215e-04,2.104756822259802780e-04,4.009478030926734611e-03,7.533285367300246232e-05,6.150641117529813179e-05,5.357623435496278034e-05
2.621480000000000018e+03,6.665119554455461960e-04,2.179941312853814922e-04,4.480808729482893549e-03,8.304010727165614847e-05,6.569511792562827425e-05,6.096355984443737545e-05
3.052300000000000182e+03,7.388375737154575205e-04,2.255741009270864638e-04,5.020316005860174687e-03,9.206619992015936172e-05,6.971536995724249980e-05,6.991044210858961933e-05
3.553909999999999854e+03,8.117392981088001388e-04,2.329267240910482147e-04,5.636323560778755404e-03,1.022588864589249100e-04,7.413328281432338216e-05,8.055742758320233281e-05
4.137960000000000036e+03,8.840353945429868521e-04,2.405594406717313631e-04,6.344619460369644443e-03,1.132076213959702312e-04,7.943673009676806610e-05,9.308000460799213921e-05
4.818000000000000000e+03,9.556917606126313046e-04,2.522461855092579357e-04,7.154087635154313639e-03,1.249161629685641075e-04,8.635223009659817681e-05,1.075760595925831753e-04
5.609789999999999964e+03,1.022409352020075147e-03,2.711072179566859346e-04,8.064108956625667957e-03,1.376465361481177404e-04,9.472051585689070642e-05,1.241978068289510792e-04
6.531699999999999818e+03,1.086635778173152943e-03,2.972678491347565256e-04,9.066774432062248493e-03,1.514776841482111055e-04,1.042147489719707490e-04,1.429754415094243902e-04
7.605130000000000109e+03,1.158147230080511497e-03,3.312475187886639461e-04,1.013649671229685696e-02,1.657399314181018054e-04,1.144465911862244134e-04,1.637388165939559711e-04
