run_index,run_attempt,block,start_s,end_s,samples,temp_mean_c,ax_mean,ay_mean,az_mean,gx_mean,gy_mean,gz_mean
1,1,1,0,10,1000,28.215938235294118,-0.10851601919165192,-0.035358002333084844,9.803368119312458,2240.8905401012375,351.8405797869021,-808.003396797775
1,1,2,10,20,999,28.21786139080257,-0.10824974849789848,-0.03565805245072447,9.802678187956337,2223.758755755194,340.4544527186644,-814.1923246569316
1,1,3,20,30,1000,28.228602941176476,-0.1078781874101876,-0.0360209419769089,9.80508145608005,2234.9215247438515,347.92262086880027,-813.6369845840335
1,1,4,30,40,999,28.231345463110173,-0.10799636081878283,-0.03531265160928695,9.804605649434478,2241.045544657708,354.13442029145693,-812.294243369537
1,1,5,40,50,1000,28.233885294117652,-0.10816592232966266,-0.03578448764903936,9.804450404596903,2239.5376084359436,364.34475202674196,-820.754541835941
1,1,6,50,60,999,28.23698934228346,-0.10779277530627965,-0.03679350974953714,9.803084593388698,2238.4026669028613,346.4990984657935,-821.0969391951338
1,1,7,60,70,1000,28.246250000000003,-0.10869065296835746,-0.036116166080954665,9.803914019198082,2226.217872182103,353.39611102711234,-814.0491983244922
1,1,8,70,80,999,28.253249720308542,-0.10869547057135058,-0.03611448155688752,9.805782785081249,2237.677558546282,349.59221713045923,-820.1066359147551
1,1,9,80,90,1000,28.255285294117645,-0.10826220424699055,-0.03623163911900283,9.804609474033409,2241.273034165186,356.40311322979727,-808.9102670267816
1,1,10,90,100,999,28.259399988223514,-0.10869186634558607,-0.03531695549527099,9.803589481940893,2217.222872014523,369.17825670242826,-818.1810462029043
1,1,11,100,110,1000,28.26335882352941,-0.10825264986063228,-0.03478053663183112,9.804613499216796,2218.413523905802,357.35021260364914,-813.3621754237289
1,1,12,110,120,1000,28.269432352941173,-0.1081859123930726,-0.03577530135482063,9.803580345991277,2232.023053748042,362.73700929570276,-814.7637021412853
2,1,1,0,10,1000,28.334829411764705,-0.10859978970324746,-0.03486041388054695,9.80450920956195,2188.904759331369,346.172919986468,-822.4308777138057
2,1,2,10,20,999,28.342468350703648,-0.10865651521319744,-0.03441170338832486,9.80517892431688,2192.653964673819,332.0744489273665,-813.3945803477361
2,1,3,20,30,1000,28.344676470588237,-0.1097012534592923,-0.03635903916878371,9.805118855120176,2196.8906268213627,342.36749297824167,-817.4293509962478
2,1,4,30,40,999,28.33981569805099,-0.10917509792462732,-0.03559694773478185,9.803803610893233,2200.0548971998473,356.37558785871477,-804.20676657977
2,1,5,40,50,1000,28.34103529411765,-0.10978926532511639,-0.03595281982937225,9.804534580424221,2210.0901405334544,351.6262214650286,-818.9133204618958
2,1,6,50,60,999,28.33794618147559,-0.1092212525422077,-0.03514558384345563,9.803352454937217,2200.2977085086786,346.8121226989503,-805.444645680244
2,1,7,60,70,1000,28.341964705882354,-0.10978356890424872,-0.036228517939351786,9.803686721095374,2205.793262263414,353.9709417594612,-813.3896563397594
2,1,8,70,80,999,28.349392922334104,-0.1103258108298836,-0.03584733681222871,9.804147341664713,2178.995572442915,357.55638428558603,-805.7747467737055
2,1,9,80,90,1000,28.353041176470594,-0.1103957832842834,-0.036203901716763874,9.805463011362395,2190.448813666181,357.12472617973646,-809.0476716069348
2,1,10,90,100,999,28.358752281693462,-0.1102019172724922,-0.035709834013062776,9.804302761650243,2197.4887333029856,339.77343184674055,-809.3233335283986
2,1,11,100,110,1000,28.36507941176471,-0.11097315522622586,-0.03581773774431061,9.804465086564175,2208.1822464552647,353.70161839990345,-812.8400380191499
2,1,12,110,120,999,28.367157745981277,-0.10976795399629496,-0.03584862610987048,9.804818742503643,2196.6289373496875,352.4074582015141,-816.5305407356052
3,1,1,0,10,1000,28.428135294117652,-0.10907215700908296,-0.03626854259015639,9.80540888245886,2205.6222826750873,357.4655406758617,-827.7621754237292
3,1,2,10,20,999,28.429620208443737,-0.11007373687344538,-0.03656082374692364,9.803430539845063,2204.4122629335043,360.974748725913,-816.0078806709599
3,1,3,20,30,1000,28.436202941176475,-0.10950354460810612,-0.03595255551380526,9.805919235869409,2203.60167418716,365.8801938918887,-818.9408013779263
3,1,4,30,40,999,28.43940646528882,-0.11030579360574472,-0.03597638184648774,9.806156356869208,2200.679868240156,376.8939567603884,-824.342933280822
3,1,5,40,50,1000,28.444373529411763,-0.11097090270658018,-0.03621996776453642,9.80531245287531,2205.4080888144194,357.84278633226256,-812.8675189351777
3,1,6,50,60,999,28.44652534887829,-0.11009453806778818,-0.03522391836572289,9.8053980018137,2193.588674191176,356.8337467649289,-817.3282850447987
3,1,7,60,70,1000,28.448949999999996,-0.11016845063358381,-0.03673139615990888,9.804594805974414,2209.2965825895935,377.0269192920817,-812.4827861107516
3,1,8,70,80,999,28.453391038096917,-0.10993706505654198,-0.036432539191323214,9.803815969008893,2186.7326696547534,372.1870946413848,-812.1567012472626
3,1,9,80,90,1000,28.459211764705884,-0.11052839257583294,-0.03619745575226443,9.80443225760615,2186.031261991687,359.77322815156396,-808.6354578664751
3,1,10,90,100,999,28.463109580168403,-0.11027645860916126,-0.03570015924931284,9.805613447385793,2179.4828130883066,357.98496140362005,-808.2780133991093
3,1,11,100,110,1000,28.467785294117654,-0.11034696563026646,-0.03606257676793441,9.805883034931046,2183.339579078514,360.23332616091426,-812.1530151183853
3,1,12,110,120,999,28.473555320025913,-0.10934096098636413,-0.03545996785936853,9.805251544025529,2186.5320159264843,354.5937240086415,-813.8347151390172
