Position,File,Orientation,SamplesUsed,FileDuration_s,SampleRate_Hz,OrientationError_deg,OrientationOK,AxRaw_m_s2,AyRaw_m_s2,AzRaw_m_s2,RawNorm_m_s2,RawNormError_mg,AxCal_m_s2,AyCal_m_s2,AzCal_m_s2,CalNorm_m_s2,CalNormError_mg,GxMean_deg_h,GyMean_deg_h,GzMean_deg_h,Temperature_C,TemperatureStd_C
1,01.csv,X+ R0,7160,91.6369199999999,99.9487979299174,1.6061520098054,1,9.98615142403456,0.060695854363468,0.273354129112713,9.99007641264007,20.0665210710205,9.79642343339956,-0.0234025813987931,-0.0343932760576969,9.79651176004572,0.302025423678525,-33852.9651584297,-2398.61955733719,5049.24602328457,30.1133503121919,0.0223599353872189
2,02.csv,X+ R90,8226,102.302534,99.9486483883186,1.88010025217336,1,9.98631219067433,0.0641712113944102,0.321465521873142,9.99169100781923,20.2313841230456,9.79650565041986,-0.020116531484603,0.0127489899550523,9.79653460006609,0.304357572018771,-33844.1812684792,-2419.93084671021,5034.26261546427,30.1760562634973,0.0300314864298043
3,03.csv,X+ R180,6694,86.9748789999999,99.9484000431896,1.8942737278957,1,9.98572315791722,0.107839220578684,0.312159152739576,9.99118309414347,20.1795220836737,9.79603783431649,0.0233778679600381,0.00375223242738004,9.79606644808612,0.256555519080107,-33813.5059994488,-2449.04471818217,5040.19048618221,30.2757073059281,0.0171166109302292
4,04.csv,X+ R270,6825,88.285758,99.9481705758249,1.6144845382274,1,9.98547827167842,0.104508217961238,0.26132334011919,9.98944383686471,20.0019300364953,9.79587652204176,0.0202454302564373,-0.0460588063076189,9.79600572305742,0.250355009073071,-33777.0093113001,-2467.26281352235,5051.24603640633,30.3625283344107,0.0192492384164591
5,05.csv,X- R0,6513,85.1639180000002,99.9484312123825,2.14471192915685,1,-9.53386044156898,0.0205648431558608,0.356448213815009,9.54054365124021,-25.8343610732254,-9.78992690790356,-0.0207655825049187,-0.00050550545717952,9.78994894404699,-0.368090460098298,-33872.6657079272,-2383.3038561749,5062.94422312156,30.261165722853,0.0224581985346426
6,06.csv,X- R90,6989,89.9262149999995,99.9486078670169,1.89625866142352,1,-9.53493089228631,0.017615829442011,0.315191047587021,9.54015528356859,-25.8740165116141,-9.79093308113886,-0.0235503594246393,-0.0409337900950781,9.79104697128657,-0.25597311684092,-33905.9612761173,-2373.10626622642,5062.55959473938,30.1936799003476,0.0176564401684691
7,07.csv,X- R180,8306,103.102930999999,99.9486619832375,1.97756589395068,1,-9.53535057479745,0.0664114241021585,0.322476278374955,9.54103306836612,-25.7843876791931,-9.79124868753898,0.0249873538914527,-0.0336619382177195,9.79133843533012,-0.226212312154348,-33918.3189564068,-2383.34911027253,5050.29823010314,30.1750475205734,0.0107018850058551
8,08.csv,X- R270,6603,86.0642050000006,99.9486371831349,2.24161608784895,1,-9.53548372797928,0.0609946713415361,0.368235322155072,9.54278615127534,-25.6053839248182,-9.79147874558094,0.0194327733711846,0.0111503737870935,9.79150437821889,-0.209268219011025,-33910.5389292175,-2375.65714404624,5028.71213986702,30.1824365039063,0.0142521642002743
9,09.csv,Y+ R0,6603,86.0641059999998,99.948752154586,2.29189271099982,1,0.214018168650073,9.90316265115701,0.333599168545511,9.91109089238101,12.0014691597356,0.0150484393289482,9.79337458221906,0.0283095422806772,9.7934270607058,-0.0129469943740419,-33907.7296579286,-2318.72674114125,5107.4841068078,30.1444359515728,0.0135728296297264
10,10.csv,Y+ R90,6586,85.8943259999996,99.9483947286581,2.13499599265837,1,0.172762952576703,9.90237298881655,0.326239422041184,9.90925173804362,11.8136768257071,-0.0263349847132404,9.79270566946604,0.0209972009031459,9.7927635906652,-0.0806925799131519,-33845.906769623,-2332.06825489182,5115.74818664619,30.2906924670871,0.0445591776929933
11,11.csv,Y+ R180,6658,86.614791,99.9482871233852,1.89633038829485,1,0.173800413365133,9.90238084804161,0.278003923229471,9.90780698362045,11.6661558701743,-0.0252062144261034,9.79288403759216,-0.026254033336963,9.79295166950391,-0.0614882296387241,-33849.6864244136,-2330.63593358388,5128.32774209525,30.3210655911509,0.0268285080334906
12,12.csv,Y+ R270,6683,86.8651490000002,99.9480240343567,2.07752721192663,1,0.222146303760986,9.90306614523362,0.28231911525929,9.90957981652036,11.8471762562003,0.0232971774980709,9.79344441719625,-0.0219073528502372,9.79349663007553,-0.00584340657182428,-33816.3219196944,-2345.94008039082,5109.58761720806,30.4356253355749,0.0457246590492513
13,13.csv,Y- R0,7646,96.4995980000003,99.9486028946977,2.48753072249253,1,0.265865980220458,-9.77789186796108,0.331290374422187,9.78711435578245,-0.657524541505212,0.0191779328597699,-9.79392886142649,-0.0286456498851142,9.79398952976002,0.04448558448177,-33887.2653066124,-2350.43778815645,4948.83998618247,30.1948759058947,0.0755507750343477
14,14.csv,Y- R90,6552,85.5535380000001,99.949110228498,2.36894427738253,1,0.218226438590808,-9.77821684550099,0.340607160004185,9.78658064359485,-0.712020814803242,-0.0286406490190046,-9.79418103375996,-0.0196350815268064,9.79424259171,0.0703252289718789,-33938.8432178516,-2361.43779884237,4929.51094706819,29.9887077138548,0.0259666112194835
15,15.csv,Y- R180,6648,86.5141139999996,99.9490094760728,2.61223993754865,1,0.22083989344481,-9.77726952983797,0.387574178659413,9.7874400872546,-0.62426475890922,-0.0261015096568011,-9.79341225620655,0.0263850161589917,9.7934825816918,-0.00727785865406783,-33950.2328657653,-2362.12693251026,4919.26585278474,30.0267871805764,0.0138385403089297
16,16.csv,Y- R270,6949,89.5256920000002,99.9489621370364,2.7457922482747,1,0.269142513780296,-9.77826859810687,0.384043865665528,9.78950786098066,-0.413128560947789,0.0223686435037111,-9.79450000447348,0.0230410722495517,9.79455264853141,0.101984504645905,-33959.361059146,-2364.38303495807,4940.20975064784,30.0487674062285,0.0128133313341587
17,17.csv,Z+ R0,6982,89.8552460000001,99.9496456778939,1.52746372913519,1,0.265022212728447,0.0767303569005846,10.3469068168551,10.3505847659729,56.8773007499448,0.0240884643749237,-0.0221857351261072,9.81057268609082,9.81062734436643,1.74333922310996,-34054.2314916664,-2287.73705996444,5069.31586347445,29.7611106711375,0.0761988246044998
18,18.csv,Z+ R90,7840,98.439453,99.9497630284476,1.23813851410982,1,0.208194920779636,0.0817247299848282,10.348448521516,10.3508652227239,56.9059376222247,-0.0329218804296348,-0.0170958862706507,9.8119589219746,9.81202904633161,1.88646417913097,-34049.9941579696,-2321.82894531858,5035.12073531702,29.7228759003601,0.0598015922662911
19,19.csv,Z+ R180,8518,105.22333,99.9493173234493,1.39493507295855,1,0.221626115240853,0.119735660884201,10.3446293335341,10.3476959180128,56.5823263206281,-0.019345753687312,0.0207179581252722,9.80835595683933,9.80839691631819,1.51559472089674,-34013.2310742056,-2335.74881391718,5041.27048423724,29.9057251080756,0.02648429760602
20,20.csv,Z+ R270,7649,96.5291040000002,99.9491303679767,1.64287636714504,1,0.271546101640125,0.119383302182449,10.3422378256097,10.3464908495406,56.4592792133527,0.0307467430466879,0.0202662026348938,9.80613336925152,9.80620251354852,1.2915286871025,-33991.1303079093,-2341.11967936735,5031.66985855557,29.9834756561796,0.0132452637032546
21,21.csv,Z- R0,7036,90.3964270000006,99.9486406691709,1.38613566762093,1,0.224899788920374,0.0626021122831047,-9.64775306972311,9.65057709330744,-14.5990685874763,0.0201816150542052,0.0354812691727585,-9.77727841543586,9.77736362374828,-1.65315209160083,-33930.0730376827,-2330.81990548064,5057.23845522916,30.1754599036886,0.0390309248370558
22,22.csv,Z- R90,8433,104.373705,99.9485454693785,1.13779106658349,1,0.183547369215404,0.0550173800325161,-9.6479256159325,9.64982824921864,-14.6755315446087,-0.0213289580784338,0.0280241535805637,-9.77756899847714,9.77763242291394,-1.62570555181004,-33924.4755472647,-2322.11296406429,5056.47225594108,30.209811803768,0.014340068413194
23,23.csv,Z- R180,8361,103.653347,99.9485332586507,1.09803386937005,1,0.184812695678229,-0.0058410388068254,-9.64722311529845,9.64899495732934,-14.7606172960533,-0.0202087379489014,-0.0325493346875732,-9.77704723693404,9.77712230288226,-1.6777928777273,-33923.545797419,-2317.0510850541,5050.78924231095,30.216723372521,0.0154185800491159
24,24.csv,Z- R270,7075,90.786967,99.948266803538,1.35821639398309,1,0.228783142583302,-0.00244191649182862,-9.64986109354295,9.65257306700966,-14.3952637449034,0.0239236542777947,-0.0292535487023408,-9.7795152773367,9.77958829251046,-1.42599565845292,-33881.4019906678,-2351.14288026325,5052.44895206753,30.3193194762004,0.0491461798788283
